Chain	ctx11	ctx12	ctx13	ctx21	ctx22	ctx23	STD	TC	SYNC	SYNCREF
t23	1	2	3	4	5	6	685	173	113	113
t13	1	2	3	4	5	6	56	28	17	17
t23	1	2	3	4	6	5	713	173	113	113
t13	1	2	3	4	6	5	56	28	17	17
t23	1	2	3	5	4	6	2564	173	113	113
t13	1	2	3	5	4	6	56	28	17	17
t23	1	2	3	5	6	4	1790	173	113	113
t13	1	2	3	5	6	4	56	28	17	17
t23	1	2	3	6	4	5	0	173	113	113
t13	1	2	3	6	4	5	0	28	17	17
t23	1	2	3	6	5	4	0	173	113	113
t13	1	2	3	6	5	4	0	28	17	17
t23	1	2	4	3	5	6	552	173	113	113
t13	1	2	4	3	5	6	69	31	20	20
t23	1	2	4	3	6	5	562	173	113	113
t13	1	2	4	3	6	5	69	31	20	20
t23	1	2	4	5	3	6	2327	173	113	113
t13	1	2	4	5	3	6	286	47	26	26
t23	1	2	4	5	6	3	1606	173	113	113
t13	1	2	4	5	6	3	232	34	22	22
t23	1	2	4	6	3	5	0	173	113	113
t13	1	2	4	6	3	5	0	47	26	26
t23	1	2	4	6	5	3	0	173	113	113
t13	1	2	4	6	5	3	0	34	22	22
t23	1	2	5	3	4	6	405	173	113	113
t13	1	2	5	3	4	6	101	51	29	29
t23	1	2	5	3	6	4	433	173	113	113
t13	1	2	5	3	6	4	135	46	25	25
t23	1	2	5	4	3	6	458	173	113	113
t13	1	2	5	4	3	6	111	51	29	29
t23	1	2	5	4	6	3	600	173	113	113
t13	1	2	5	4	6	3	150	46	25	25
t23	1	2	5	6	3	4	0	173	113	113
t13	1	2	5	6	3	4	0	53	31	31
t23	1	2	5	6	4	3	0	173	113	113
t13	1	2	5	6	4	3	0	53	31	31
t23	1	2	6	3	4	5	134	39	29	29
t13	1	2	6	3	4	5	155	61	35	35
t23	1	2	6	3	5	4	148	39	29	29
t13	1	2	6	3	5	4	156	61	35	35
t23	1	2	6	4	3	5	171	39	29	29
t13	1	2	6	4	3	5	160	61	35	35
t23	1	2	6	4	5	3	165	39	29	29
t13	1	2	6	4	5	3	161	61	35	35
t23	1	2	6	5	3	4	303	39	29	29
t13	1	2	6	5	3	4	217	61	35	35
t23	1	2	6	5	4	3	302	39	29	29
t13	1	2	6	5	4	3	232	61	35	35
t23	1	3	2	4	5	6	1138	173	113	113
t13	1	3	2	4	5	6	136	28	17	17
t23	1	3	2	4	6	5	1163	173	113	113
t13	1	3	2	4	6	5	136	28	17	17
t23	1	3	2	5	4	6	5081	173	113	113
t13	1	3	2	5	4	6	136	28	17	17
t23	1	3	2	5	6	4	3032	173	113	113
t13	1	3	2	5	6	4	136	28	17	17
t23	1	3	2	6	4	5	0	173	113	113
t13	1	3	2	6	4	5	0	28	17	17
t23	1	3	2	6	5	4	0	173	113	113
t13	1	3	2	6	5	4	0	28	17	17
t23	1	3	4	2	5	6	494	173	113	113
t13	1	3	4	2	5	6	78	31	20	20
t23	1	3	4	2	6	5	595	173	113	113
t13	1	3	4	2	6	5	78	31	20	20
t23	1	3	4	5	2	6	0	173	113	113
t13	1	3	4	5	2	6	0	47	26	26
t23	1	3	4	5	6	2	0	173	113	113
t13	1	3	4	5	6	2	0	34	22	22
t23	1	3	4	6	2	5	0	173	113	113
t13	1	3	4	6	2	5	0	47	26	26
t23	1	3	4	6	5	2	0	173	113	113
t13	1	3	4	6	5	2	0	34	22	22
t23	1	3	5	2	4	6	373	173	113	113
t13	1	3	5	2	4	6	112	51	29	29
t23	1	3	5	2	6	4	453	173	113	113
t13	1	3	5	2	6	4	152	46	25	25
t23	1	3	5	4	2	6	485	173	113	113
t13	1	3	5	4	2	6	138	51	29	29
t23	1	3	5	4	6	2	1017	173	113	113
t13	1	3	5	4	6	2	360	46	25	25
t23	1	3	5	6	2	4	0	173	113	113
t13	1	3	5	6	2	4	0	53	31	31
t23	1	3	5	6	4	2	0	173	113	113
t13	1	3	5	6	4	2	0	53	31	31
t23	1	3	6	2	4	5	118	39	29	29
t13	1	3	6	2	4	5	155	61	35	35
t23	1	3	6	2	5	4	119	39	29	29
t13	1	3	6	2	5	4	167	61	35	35
t23	1	3	6	4	2	5	165	39	29	29
t13	1	3	6	4	2	5	198	61	35	35
t23	1	3	6	4	5	2	149	39	29	29
t13	1	3	6	4	5	2	201	61	35	35
t23	1	3	6	5	2	4	285	39	29	29
t13	1	3	6	5	2	4	275	61	35	35
t23	1	3	6	5	4	2	284	39	29	29
t13	1	3	6	5	4	2	290	61	35	35
t23	1	4	2	3	5	6	1396	173	113	113
t13	1	4	2	3	5	6	224	31	20	20
t23	1	4	2	3	6	5	1459	173	113	113
t13	1	4	2	3	6	5	224	31	20	20
t23	1	4	2	5	3	6	0	173	113	113
t13	1	4	2	5	3	6	0	47	26	26
t23	1	4	2	5	6	3	0	173	113	113
t13	1	4	2	5	6	3	0	34	22	22
t23	1	4	2	6	3	5	0	173	113	113
t13	1	4	2	6	3	5	0	47	26	26
t23	1	4	2	6	5	3	0	173	113	113
t13	1	4	2	6	5	3	0	34	22	22
t23	1	4	3	2	5	6	1019	173	113	113
t13	1	4	3	2	5	6	227	31	20	20
t23	1	4	3	2	6	5	1121	173	113	113
t13	1	4	3	2	6	5	227	31	20	20
t23	1	4	3	5	2	6	0	173	113	113
t13	1	4	3	5	2	6	0	47	26	26
t23	1	4	3	5	6	2	0	173	113	113
t13	1	4	3	5	6	2	0	34	22	22
t23	1	4	3	6	2	5	0	173	113	113
t13	1	4	3	6	2	5	0	47	26	26
t23	1	4	3	6	5	2	0	173	113	113
t13	1	4	3	6	5	2	0	34	22	22
t23	1	4	5	2	3	6	396	173	113	113
t13	1	4	5	2	3	6	150	51	29	29
t23	1	4	5	2	6	3	558	173	113	113
t13	1	4	5	2	6	3	254	46	25	25
t23	1	4	5	3	2	6	449	173	113	113
t13	1	4	5	3	2	6	150	51	29	29
t23	1	4	5	3	6	2	942	173	113	113
t13	1	4	5	3	6	2	362	46	25	25
t23	1	4	5	6	2	3	0	173	113	113
t13	1	4	5	6	2	3	0	53	31	31
t23	1	4	5	6	3	2	0	173	113	113
t13	1	4	5	6	3	2	0	53	31	31
t23	1	4	6	2	3	5	100	39	29	29
t13	1	4	6	2	3	5	189	61	35	35
t23	1	4	6	2	5	3	113	39	29	29
t13	1	4	6	2	5	3	196	61	35	35
t23	1	4	6	3	2	5	116	39	29	29
t13	1	4	6	3	2	5	190	61	35	35
t23	1	4	6	3	5	2	131	39	29	29
t13	1	4	6	3	5	2	208	61	35	35
t23	1	4	6	5	2	3	242	39	29	29
t13	1	4	6	5	2	3	369	61	35	35
t23	1	4	6	5	3	2	245	39	29	29
t13	1	4	6	5	3	2	390	61	35	35
t23	1	5	2	3	4	6	0	173	113	113
t13	1	5	2	3	4	6	0	51	29	29
t23	1	5	2	3	6	4	0	173	113	113
t13	1	5	2	3	6	4	0	46	25	25
t23	1	5	2	4	3	6	0	173	113	113
t13	1	5	2	4	3	6	0	51	29	29
t23	1	5	2	4	6	3	0	173	113	113
t13	1	5	2	4	6	3	0	46	25	25
t23	1	5	2	6	3	4	0	173	113	113
t13	1	5	2	6	3	4	0	53	31	31
t23	1	5	2	6	4	3	0	173	113	113
t13	1	5	2	6	4	3	0	53	31	31
t23	1	5	3	2	4	6	0	173	113	113
t13	1	5	3	2	4	6	0	51	29	29
t23	1	5	3	2	6	4	0	173	113	113
t13	1	5	3	2	6	4	0	46	25	25
t23	1	5	3	4	2	6	0	173	113	113
t13	1	5	3	4	2	6	0	51	29	29
t23	1	5	3	4	6	2	0	173	113	113
t13	1	5	3	4	6	2	0	46	25	25
t23	1	5	3	6	2	4	0	173	113	113
t13	1	5	3	6	2	4	0	53	31	31
t23	1	5	3	6	4	2	0	173	113	113
t13	1	5	3	6	4	2	0	53	31	31
t23	1	5	4	2	3	6	0	173	113	113
t13	1	5	4	2	3	6	0	51	29	29
t23	1	5	4	2	6	3	0	173	113	113
t13	1	5	4	2	6	3	0	46	25	25
t23	1	5	4	3	2	6	0	173	113	113
t13	1	5	4	3	2	6	0	51	29	29
t23	1	5	4	3	6	2	0	173	113	113
t13	1	5	4	3	6	2	0	46	25	25
t23	1	5	4	6	2	3	0	173	113	113
t13	1	5	4	6	2	3	0	53	31	31
t23	1	5	4	6	3	2	0	173	113	113
t13	1	5	4	6	3	2	0	53	31	31
t23	1	5	6	2	3	4	92	27	27	27
t13	1	5	6	2	3	4	213	61	35	35
t23	1	5	6	2	4	3	93	27	27	27
t13	1	5	6	2	4	3	229	61	35	35
t23	1	5	6	3	2	4	108	27	27	27
t13	1	5	6	3	2	4	230	61	35	35
t23	1	5	6	3	4	2	100	27	27	27
t13	1	5	6	3	4	2	246	61	35	35
t23	1	5	6	4	2	3	163	27	27	27
t13	1	5	6	4	2	3	283	61	35	35
t23	1	5	6	4	3	2	146	27	27	27
t13	1	5	6	4	3	2	283	61	35	35
t23	1	6	2	3	4	5	0	31	31	31
t13	1	6	2	3	4	5	0	61	35	35
t23	1	6	2	3	5	4	0	31	31	31
t13	1	6	2	3	5	4	0	61	35	35
t23	1	6	2	4	3	5	0	31	31	31
t13	1	6	2	4	3	5	0	61	35	35
t23	1	6	2	4	5	3	0	31	31	31
t13	1	6	2	4	5	3	0	61	35	35
t23	1	6	2	5	3	4	0	31	31	31
t13	1	6	2	5	3	4	0	61	35	35
t23	1	6	2	5	4	3	0	31	31	31
t13	1	6	2	5	4	3	0	61	35	35
t23	1	6	3	2	4	5	0	31	31	31
t13	1	6	3	2	4	5	0	61	35	35
t23	1	6	3	2	5	4	0	31	31	31
t13	1	6	3	2	5	4	0	61	35	35
t23	1	6	3	4	2	5	0	31	31	31
t13	1	6	3	4	2	5	0	61	35	35
t23	1	6	3	4	5	2	0	31	31	31
t13	1	6	3	4	5	2	0	61	35	35
t23	1	6	3	5	2	4	0	31	31	31
t13	1	6	3	5	2	4	0	61	35	35
t23	1	6	3	5	4	2	0	31	31	31
t13	1	6	3	5	4	2	0	61	35	35
t23	1	6	4	2	3	5	0	31	31	31
t13	1	6	4	2	3	5	0	61	35	35
t23	1	6	4	2	5	3	0	31	31	31
t13	1	6	4	2	5	3	0	61	35	35
t23	1	6	4	3	2	5	0	31	31	31
t13	1	6	4	3	2	5	0	61	35	35
t23	1	6	4	3	5	2	0	31	31	31
t13	1	6	4	3	5	2	0	61	35	35
t23	1	6	4	5	2	3	0	31	31	31
t13	1	6	4	5	2	3	0	61	35	35
t23	1	6	4	5	3	2	0	31	31	31
t13	1	6	4	5	3	2	0	61	35	35
t23	1	6	5	2	3	4	0	27	27	27
t13	1	6	5	2	3	4	0	61	35	35
t23	1	6	5	2	4	3	0	27	27	27
t13	1	6	5	2	4	3	0	61	35	35
t23	1	6	5	3	2	4	0	27	27	27
t13	1	6	5	3	2	4	0	61	35	35
t23	1	6	5	3	4	2	0	27	27	27
t13	1	6	5	3	4	2	0	61	35	35
t23	1	6	5	4	2	3	0	27	27	27
t13	1	6	5	4	2	3	0	61	35	35
t23	1	6	5	4	3	2	0	27	27	27
t13	1	6	5	4	3	2	0	61	35	35
t23	2	1	3	4	5	6	685	173	113	113
t13	2	1	3	4	5	6	48	28	17	17
t23	2	1	3	4	6	5	713	173	113	113
t13	2	1	3	4	6	5	48	28	17	17
t23	2	1	3	5	4	6	2564	173	113	113
t13	2	1	3	5	4	6	48	28	17	17
t23	2	1	3	5	6	4	1790	173	113	113
t13	2	1	3	5	6	4	48	28	17	17
t23	2	1	3	6	4	5	0	173	113	113
t13	2	1	3	6	4	5	0	28	17	17
t23	2	1	3	6	5	4	0	173	113	113
t13	2	1	3	6	5	4	0	28	17	17
t23	2	1	4	3	5	6	552	173	113	113
t13	2	1	4	3	5	6	63	31	20	20
t23	2	1	4	3	6	5	562	173	113	113
t13	2	1	4	3	6	5	63	31	20	20
t23	2	1	4	5	3	6	2327	173	113	113
t13	2	1	4	5	3	6	282	47	26	26
t23	2	1	4	5	6	3	1606	173	113	113
t13	2	1	4	5	6	3	226	34	22	22
t23	2	1	4	6	3	5	0	173	113	113
t13	2	1	4	6	3	5	0	47	26	26
t23	2	1	4	6	5	3	0	173	113	113
t13	2	1	4	6	5	3	0	34	22	22
t23	2	1	5	3	4	6	405	173	113	113
t13	2	1	5	3	4	6	89	51	29	29
t23	2	1	5	3	6	4	433	173	113	113
t13	2	1	5	3	6	4	127	46	25	25
t23	2	1	5	4	3	6	458	173	113	113
t13	2	1	5	4	3	6	105	51	29	29
t23	2	1	5	4	6	3	600	173	113	113
t13	2	1	5	4	6	3	144	46	25	25
t23	2	1	5	6	3	4	0	173	113	113
t13	2	1	5	6	3	4	0	53	31	31
t23	2	1	5	6	4	3	0	173	113	113
t13	2	1	5	6	4	3	0	53	31	31
t23	2	1	6	3	4	5	134	39	29	29
t13	2	1	6	3	4	5	147	61	35	35
t23	2	1	6	3	5	4	148	39	29	29
t13	2	1	6	3	5	4	147	61	35	35
t23	2	1	6	4	3	5	173	39	29	29
t13	2	1	6	4	3	5	148	61	35	35
t23	2	1	6	4	5	3	167	39	29	29
t13	2	1	6	4	5	3	149	61	35	35
t23	2	1	6	5	3	4	305	39	29	29
t13	2	1	6	5	3	4	206	61	35	35
t23	2	1	6	5	4	3	304	39	29	29
t13	2	1	6	5	4	3	226	61	35	35
t23	2	3	1	4	5	6	3828	173	113	113
t13	2	3	1	4	5	6	464	28	17	17
t23	2	3	1	4	6	5	3910	173	113	113
t13	2	3	1	4	6	5	464	28	17	17
t23	2	3	1	5	4	6	17630	173	113	113
t13	2	3	1	5	4	6	464	28	17	17
t23	2	3	1	5	6	4	9842	173	113	113
t13	2	3	1	5	6	4	464	28	17	17
t23	2	3	1	6	4	5	0	173	113	113
t13	2	3	1	6	4	5	0	28	17	17
t23	2	3	1	6	5	4	0	173	113	113
t13	2	3	1	6	5	4	0	28	17	17
t23	2	3	4	1	5	6	516	173	113	113
t13	2	3	4	1	5	6	84	31	20	20
t23	2	3	4	1	6	5	556	173	113	113
t13	2	3	4	1	6	5	84	31	20	20
t23	2	3	4	5	1	6	0	173	113	113
t13	2	3	4	5	1	6	0	47	26	26
t23	2	3	4	5	6	1	0	173	113	113
t13	2	3	4	5	6	1	0	34	22	22
t23	2	3	4	6	1	5	0	173	113	113
t13	2	3	4	6	1	5	0	47	26	26
t23	2	3	4	6	5	1	0	173	113	113
t13	2	3	4	6	5	1	0	34	22	22
t23	2	3	5	1	4	6	369	173	113	113
t13	2	3	5	1	4	6	105	51	29	29
t23	2	3	5	1	6	4	414	173	113	113
t13	2	3	5	1	6	4	156	46	25	25
t23	2	3	5	4	1	6	474	173	113	113
t13	2	3	5	4	1	6	157	51	29	29
t23	2	3	5	4	6	1	2530	173	113	113
t13	2	3	5	4	6	1	1097	46	25	25
t23	2	3	5	6	1	4	0	173	113	113
t13	2	3	5	6	1	4	0	53	31	31
t23	2	3	5	6	4	1	0	173	113	113
t13	2	3	5	6	4	1	0	53	31	31
t23	2	3	6	1	4	5	108	39	29	29
t13	2	3	6	1	4	5	159	61	35	35
t23	2	3	6	1	5	4	109	39	29	29
t13	2	3	6	1	5	4	176	61	35	35
t23	2	3	6	4	1	5	147	39	29	29
t13	2	3	6	4	1	5	217	61	35	35
t23	2	3	6	4	5	1	129	39	29	29
t13	2	3	6	4	5	1	222	61	35	35
t23	2	3	6	5	1	4	195	39	29	29
t13	2	3	6	5	1	4	306	61	35	35
t23	2	3	6	5	4	1	268	39	29	29
t13	2	3	6	5	4	1	337	61	35	35
t23	2	4	1	3	5	6	27102	173	113	113
t13	2	4	1	3	5	6	4492	31	20	20
t23	2	4	1	3	6	5	27971	173	113	113
t13	2	4	1	3	6	5	4492	31	20	20
t23	2	4	1	5	3	6	0	173	113	113
t13	2	4	1	5	3	6	0	47	26	26
t23	2	4	1	5	6	3	0	173	113	113
t13	2	4	1	5	6	3	0	34	22	22
t23	2	4	1	6	3	5	0	173	113	113
t13	2	4	1	6	3	5	0	47	26	26
t23	2	4	1	6	5	3	0	173	113	113
t13	2	4	1	6	5	3	0	34	22	22
t23	2	4	3	1	5	6	1073	173	113	113
t13	2	4	3	1	5	6	255	31	20	20
t23	2	4	3	1	6	5	1214	173	113	113
t13	2	4	3	1	6	5	255	31	20	20
t23	2	4	3	5	1	6	0	173	113	113
t13	2	4	3	5	1	6	0	47	26	26
t23	2	4	3	5	6	1	0	173	113	113
t13	2	4	3	5	6	1	0	34	22	22
t23	2	4	3	6	1	5	0	173	113	113
t13	2	4	3	6	1	5	0	47	26	26
t23	2	4	3	6	5	1	0	173	113	113
t13	2	4	3	6	5	1	0	34	22	22
t23	2	4	5	1	3	6	353	173	113	113
t13	2	4	5	1	3	6	139	51	29	29
t23	2	4	5	1	6	3	635	173	113	113
t13	2	4	5	1	6	3	299	46	25	25
t23	2	4	5	3	1	6	429	173	113	113
t13	2	4	5	3	1	6	172	51	29	29
t23	2	4	5	3	6	1	1667	173	113	113
t13	2	4	5	3	6	1	774	46	25	25
t23	2	4	5	6	1	3	0	173	113	113
t13	2	4	5	6	1	3	0	53	31	31
t23	2	4	5	6	3	1	0	173	113	113
t13	2	4	5	6	3	1	0	53	31	31
t23	2	4	6	1	3	5	90	39	29	29
t13	2	4	6	1	3	5	193	61	35	35
t23	2	4	6	1	5	3	103	39	29	29
t13	2	4	6	1	5	3	202	61	35	35
t23	2	4	6	3	1	5	96	39	29	29
t13	2	4	6	3	1	5	213	61	35	35
t23	2	4	6	3	5	1	111	39	29	29
t13	2	4	6	3	5	1	233	61	35	35
t23	2	4	6	5	1	3	171	39	29	29
t13	2	4	6	5	1	3	336	61	35	35
t23	2	4	6	5	3	1	227	39	29	29
t13	2	4	6	5	3	1	425	61	35	35
t23	2	5	1	3	4	6	0	173	113	113
t13	2	5	1	3	4	6	0	51	29	29
t23	2	5	1	3	6	4	0	173	113	113
t13	2	5	1	3	6	4	0	46	25	25
t23	2	5	1	4	3	6	0	173	113	113
t13	2	5	1	4	3	6	0	51	29	29
t23	2	5	1	4	6	3	0	173	113	113
t13	2	5	1	4	6	3	0	46	25	25
t23	2	5	1	6	3	4	0	173	113	113
t13	2	5	1	6	3	4	0	53	31	31
t23	2	5	1	6	4	3	0	173	113	113
t13	2	5	1	6	4	3	0	53	31	31
t23	2	5	3	1	4	6	0	173	113	113
t13	2	5	3	1	4	6	0	51	29	29
t23	2	5	3	1	6	4	0	173	113	113
t13	2	5	3	1	6	4	0	46	25	25
t23	2	5	3	4	1	6	0	173	113	113
t13	2	5	3	4	1	6	0	51	29	29
t23	2	5	3	4	6	1	0	173	113	113
t13	2	5	3	4	6	1	0	46	25	25
t23	2	5	3	6	1	4	0	173	113	113
t13	2	5	3	6	1	4	0	53	31	31
t23	2	5	3	6	4	1	0	173	113	113
t13	2	5	3	6	4	1	0	53	31	31
t23	2	5	4	1	3	6	0	173	113	113
t13	2	5	4	1	3	6	0	51	29	29
t23	2	5	4	1	6	3	0	173	113	113
t13	2	5	4	1	6	3	0	46	25	25
t23	2	5	4	3	1	6	0	173	113	113
t13	2	5	4	3	1	6	0	51	29	29
t23	2	5	4	3	6	1	0	173	113	113
t13	2	5	4	3	6	1	0	46	25	25
t23	2	5	4	6	1	3	0	173	113	113
t13	2	5	4	6	1	3	0	53	31	31
t23	2	5	4	6	3	1	0	173	113	113
t13	2	5	4	6	3	1	0	53	31	31
t23	2	5	6	1	3	4	82	27	27	27
t13	2	5	6	1	3	4	204	61	35	35
t23	2	5	6	1	4	3	78	27	27	27
t13	2	5	6	1	4	3	204	61	35	35
t23	2	5	6	3	1	4	88	27	27	27
t13	2	5	6	3	1	4	233	61	35	35
t23	2	5	6	3	4	1	90	27	27	27
t13	2	5	6	3	4	1	261	61	35	35
t23	2	5	6	4	1	3	90	27	27	27
t13	2	5	6	4	1	3	275	61	35	35
t23	2	5	6	4	3	1	126	27	27	27
t13	2	5	6	4	3	1	306	61	35	35
t23	2	6	1	3	4	5	0	31	31	31
t13	2	6	1	3	4	5	0	61	35	35
t23	2	6	1	3	5	4	0	31	31	31
t13	2	6	1	3	5	4	0	61	35	35
t23	2	6	1	4	3	5	0	31	31	31
t13	2	6	1	4	3	5	0	61	35	35
t23	2	6	1	4	5	3	0	31	31	31
t13	2	6	1	4	5	3	0	61	35	35
t23	2	6	1	5	3	4	0	31	31	31
t13	2	6	1	5	3	4	0	61	35	35
t23	2	6	1	5	4	3	0	31	31	31
t13	2	6	1	5	4	3	0	61	35	35
t23	2	6	3	1	4	5	0	31	31	31
t13	2	6	3	1	4	5	0	61	35	35
t23	2	6	3	1	5	4	0	31	31	31
t13	2	6	3	1	5	4	0	61	35	35
t23	2	6	3	4	1	5	0	31	31	31
t13	2	6	3	4	1	5	0	61	35	35
t23	2	6	3	4	5	1	0	31	31	31
t13	2	6	3	4	5	1	0	61	35	35
t23	2	6	3	5	1	4	0	31	31	31
t13	2	6	3	5	1	4	0	61	35	35
t23	2	6	3	5	4	1	0	31	31	31
t13	2	6	3	5	4	1	0	61	35	35
t23	2	6	4	1	3	5	0	31	31	31
t13	2	6	4	1	3	5	0	61	35	35
t23	2	6	4	1	5	3	0	31	31	31
t13	2	6	4	1	5	3	0	61	35	35
t23	2	6	4	3	1	5	0	31	31	31
t13	2	6	4	3	1	5	0	61	35	35
t23	2	6	4	3	5	1	0	31	31	31
t13	2	6	4	3	5	1	0	61	35	35
t23	2	6	4	5	1	3	0	31	31	31
t13	2	6	4	5	1	3	0	61	35	35
t23	2	6	4	5	3	1	0	31	31	31
t13	2	6	4	5	3	1	0	61	35	35
t23	2	6	5	1	3	4	0	27	27	27
t13	2	6	5	1	3	4	0	61	35	35
t23	2	6	5	1	4	3	0	27	27	27
t13	2	6	5	1	4	3	0	61	35	35
t23	2	6	5	3	1	4	0	27	27	27
t13	2	6	5	3	1	4	0	61	35	35
t23	2	6	5	3	4	1	0	27	27	27
t13	2	6	5	3	4	1	0	61	35	35
t23	2	6	5	4	1	3	0	27	27	27
t13	2	6	5	4	1	3	0	61	35	35
t23	2	6	5	4	3	1	0	27	27	27
t13	2	6	5	4	3	1	0	61	35	35
t23	3	1	2	4	5	6	862	173	113	113
t13	3	1	2	4	5	6	44	28	17	17
t23	3	1	2	4	6	5	879	173	113	113
t13	3	1	2	4	6	5	44	28	17	17
t23	3	1	2	5	4	6	3473	173	113	113
t13	3	1	2	5	4	6	44	28	17	17
t23	3	1	2	5	6	4	2167	173	113	113
t13	3	1	2	5	6	4	44	28	17	17
t23	3	1	2	6	4	5	0	173	113	113
t13	3	1	2	6	4	5	0	28	17	17
t23	3	1	2	6	5	4	0	173	113	113
t13	3	1	2	6	5	4	0	28	17	17
t23	3	1	4	2	5	6	448	173	113	113
t13	3	1	4	2	5	6	67	31	20	20
t23	3	1	4	2	6	5	481	173	113	113
t13	3	1	4	2	6	5	67	31	20	20
t23	3	1	4	5	2	6	0	173	113	113
t13	3	1	4	5	2	6	0	47	26	26
t23	3	1	4	5	6	2	0	173	113	113
t13	3	1	4	5	6	2	0	34	22	22
t23	3	1	4	6	2	5	0	173	113	113
t13	3	1	4	6	2	5	0	47	26	26
t23	3	1	4	6	5	2	0	173	113	113
t13	3	1	4	6	5	2	0	34	22	22
t23	3	1	5	2	4	6	312	173	113	113
t13	3	1	5	2	4	6	88	51	29	29
t23	3	1	5	2	6	4	362	173	113	113
t13	3	1	5	2	6	4	130	46	25	25
t23	3	1	5	4	2	6	453	173	113	113
t13	3	1	5	4	2	6	127	51	29	29
t23	3	1	5	4	6	2	1011	173	113	113
t13	3	1	5	4	6	2	331	46	25	25
t23	3	1	5	6	2	4	0	173	113	113
t13	3	1	5	6	2	4	0	53	31	31
t23	3	1	5	6	4	2	0	173	113	113
t13	3	1	5	6	4	2	0	53	31	31
t23	3	1	6	2	4	5	112	39	29	29
t13	3	1	6	2	4	5	133	61	35	35
t23	3	1	6	2	5	4	113	39	29	29
t13	3	1	6	2	5	4	150	61	35	35
t23	3	1	6	4	2	5	153	39	29	29
t13	3	1	6	4	2	5	183	61	35	35
t23	3	1	6	4	5	2	139	39	29	29
t13	3	1	6	4	5	2	192	61	35	35
t23	3	1	6	5	2	4	203	39	29	29
t13	3	1	6	5	2	4	229	61	35	35
t23	3	1	6	5	4	2	276	39	29	29
t13	3	1	6	5	4	2	265	61	35	35
t23	3	2	1	4	5	6	1007	173	113	113
t13	3	2	1	4	5	6	69	28	17	17
t23	3	2	1	4	6	5	1017	173	113	113
t13	3	2	1	4	6	5	69	28	17	17
t23	3	2	1	5	4	6	4394	173	113	113
t13	3	2	1	5	4	6	69	28	17	17
t23	3	2	1	5	6	4	2689	173	113	113
t13	3	2	1	5	6	4	69	28	17	17
t23	3	2	1	6	4	5	0	173	113	113
t13	3	2	1	6	4	5	0	28	17	17
t23	3	2	1	6	5	4	0	173	113	113
t13	3	2	1	6	5	4	0	28	17	17
t23	3	2	4	1	5	6	440	173	113	113
t13	3	2	4	1	5	6	70	31	20	20
t23	3	2	4	1	6	5	477	173	113	113
t13	3	2	4	1	6	5	70	31	20	20
t23	3	2	4	5	1	6	0	173	113	113
t13	3	2	4	5	1	6	0	47	26	26
t23	3	2	4	5	6	1	0	173	113	113
t13	3	2	4	5	6	1	0	34	22	22
t23	3	2	4	6	1	5	0	173	113	113
t13	3	2	4	6	1	5	0	47	26	26
t23	3	2	4	6	5	1	0	173	113	113
t13	3	2	4	6	5	1	0	34	22	22
t23	3	2	5	1	4	6	293	173	113	113
t13	3	2	5	1	4	6	91	51	29	29
t23	3	2	5	1	6	4	358	173	113	113
t13	3	2	5	1	6	4	136	46	25	25
t23	3	2	5	4	1	6	447	173	113	113
t13	3	2	5	4	1	6	143	51	29	29
t23	3	2	5	4	6	1	1383	173	113	113
t13	3	2	5	4	6	1	519	46	25	25
t23	3	2	5	6	1	4	0	173	113	113
t13	3	2	5	6	1	4	0	53	31	31
t23	3	2	5	6	4	1	0	173	113	113
t13	3	2	5	6	4	1	0	53	31	31
t23	3	2	6	1	4	5	108	39	29	29
t13	3	2	6	1	4	5	139	61	35	35
t23	3	2	6	1	5	4	109	39	29	29
t13	3	2	6	1	5	4	156	61	35	35
t23	3	2	6	4	1	5	147	39	29	29
t13	3	2	6	4	1	5	201	61	35	35
t23	3	2	6	4	5	1	133	39	29	29
t13	3	2	6	4	5	1	212	61	35	35
t23	3	2	6	5	1	4	195	39	29	29
t13	3	2	6	5	1	4	265	61	35	35
t23	3	2	6	5	4	1	270	39	29	29
t13	3	2	6	5	4	1	295	61	35	35
t23	3	4	1	2	5	6	0	173	113	113
t13	3	4	1	2	5	6	0	31	20	20
t23	3	4	1	2	6	5	0	173	113	113
t13	3	4	1	2	6	5	0	31	20	20
t23	3	4	1	5	2	6	0	173	113	113
t13	3	4	1	5	2	6	0	47	26	26
t23	3	4	1	5	6	2	0	173	113	113
t13	3	4	1	5	6	2	0	34	22	22
t23	3	4	1	6	2	5	0	173	113	113
t13	3	4	1	6	2	5	0	47	26	26
t23	3	4	1	6	5	2	0	173	113	113
t13	3	4	1	6	5	2	0	34	22	22
t23	3	4	2	1	5	6	0	173	113	113
t13	3	4	2	1	5	6	0	31	20	20
t23	3	4	2	1	6	5	0	173	113	113
t13	3	4	2	1	6	5	0	31	20	20
t23	3	4	2	5	1	6	0	173	113	113
t13	3	4	2	5	1	6	0	47	26	26
t23	3	4	2	5	6	1	0	173	113	113
t13	3	4	2	5	6	1	0	34	22	22
t23	3	4	2	6	1	5	0	173	113	113
t13	3	4	2	6	1	5	0	47	26	26
t23	3	4	2	6	5	1	0	173	113	113
t13	3	4	2	6	5	1	0	34	22	22
t23	3	4	5	1	2	6	386	173	113	113
t13	3	4	5	1	2	6	159	51	29	29
t23	3	4	5	1	6	2	912	173	113	113
t13	3	4	5	1	6	2	534	46	25	25
t23	3	4	5	2	1	6	392	173	113	113
t13	3	4	5	2	1	6	175	51	29	29
t23	3	4	5	2	6	1	1190	173	113	113
t13	3	4	5	2	6	1	619	46	25	25
t23	3	4	5	6	1	2	0	173	113	113
t13	3	4	5	6	1	2	0	53	31	31
t23	3	4	5	6	2	1	0	173	113	113
t13	3	4	5	6	2	1	0	53	31	31
t23	3	4	6	1	2	5	82	39	29	29
t13	3	4	6	1	2	5	209	61	35	35
t23	3	4	6	1	5	2	83	39	29	29
t13	3	4	6	1	5	2	209	61	35	35
t23	3	4	6	2	1	5	88	39	29	29
t13	3	4	6	2	1	5	214	61	35	35
t23	3	4	6	2	5	1	85	39	29	29
t13	3	4	6	2	5	1	211	61	35	35
t23	3	4	6	5	1	2	131	39	29	29
t13	3	4	6	5	1	2	351	61	35	35
t23	3	4	6	5	2	1	166	39	29	29
t13	3	4	6	5	2	1	432	61	35	35
t23	3	5	1	2	4	6	0	173	113	113
t13	3	5	1	2	4	6	0	51	29	29
t23	3	5	1	2	6	4	0	173	113	113
t13	3	5	1	2	6	4	0	46	25	25
t23	3	5	1	4	2	6	0	173	113	113
t13	3	5	1	4	2	6	0	51	29	29
t23	3	5	1	4	6	2	0	173	113	113
t13	3	5	1	4	6	2	0	46	25	25
t23	3	5	1	6	2	4	0	173	113	113
t13	3	5	1	6	2	4	0	53	31	31
t23	3	5	1	6	4	2	0	173	113	113
t13	3	5	1	6	4	2	0	53	31	31
t23	3	5	2	1	4	6	0	173	113	113
t13	3	5	2	1	4	6	0	51	29	29
t23	3	5	2	1	6	4	0	173	113	113
t13	3	5	2	1	6	4	0	46	25	25
t23	3	5	2	4	1	6	0	173	113	113
t13	3	5	2	4	1	6	0	51	29	29
t23	3	5	2	4	6	1	0	173	113	113
t13	3	5	2	4	6	1	0	46	25	25
t23	3	5	2	6	1	4	0	173	113	113
t13	3	5	2	6	1	4	0	53	31	31
t23	3	5	2	6	4	1	0	173	113	113
t13	3	5	2	6	4	1	0	53	31	31
t23	3	5	4	1	2	6	0	173	113	113
t13	3	5	4	1	2	6	0	51	29	29
t23	3	5	4	1	6	2	0	173	113	113
t13	3	5	4	1	6	2	0	46	25	25
t23	3	5	4	2	1	6	0	173	113	113
t13	3	5	4	2	1	6	0	51	29	29
t23	3	5	4	2	6	1	0	173	113	113
t13	3	5	4	2	6	1	0	46	25	25
t23	3	5	4	6	1	2	0	173	113	113
t13	3	5	4	6	1	2	0	53	31	31
t23	3	5	4	6	2	1	0	173	113	113
t13	3	5	4	6	2	1	0	53	31	31
t23	3	5	6	1	2	4	62	27	27	27
t13	3	5	6	1	2	4	218	61	35	35
t23	3	5	6	1	4	2	58	27	27	27
t13	3	5	6	1	4	2	210	61	35	35
t23	3	5	6	2	1	4	68	27	27	27
t13	3	5	6	2	1	4	234	61	35	35
t23	3	5	6	2	4	1	60	27	27	27
t13	3	5	6	2	4	1	241	61	35	35
t23	3	5	6	4	1	2	70	27	27	27
t13	3	5	6	4	1	2	289	61	35	35
t23	3	5	6	4	2	1	90	27	27	27
t13	3	5	6	4	2	1	344	61	35	35
t23	3	6	1	2	4	5	0	31	31	31
t13	3	6	1	2	4	5	0	61	35	35
t23	3	6	1	2	5	4	0	31	31	31
t13	3	6	1	2	5	4	0	61	35	35
t23	3	6	1	4	2	5	0	31	31	31
t13	3	6	1	4	2	5	0	61	35	35
t23	3	6	1	4	5	2	0	31	31	31
t13	3	6	1	4	5	2	0	61	35	35
t23	3	6	1	5	2	4	0	31	31	31
t13	3	6	1	5	2	4	0	61	35	35
t23	3	6	1	5	4	2	0	31	31	31
t13	3	6	1	5	4	2	0	61	35	35
t23	3	6	2	1	4	5	0	31	31	31
t13	3	6	2	1	4	5	0	61	35	35
t23	3	6	2	1	5	4	0	31	31	31
t13	3	6	2	1	5	4	0	61	35	35
t23	3	6	2	4	1	5	0	31	31	31
t13	3	6	2	4	1	5	0	61	35	35
t23	3	6	2	4	5	1	0	31	31	31
t13	3	6	2	4	5	1	0	61	35	35
t23	3	6	2	5	1	4	0	31	31	31
t13	3	6	2	5	1	4	0	61	35	35
t23	3	6	2	5	4	1	0	31	31	31
t13	3	6	2	5	4	1	0	61	35	35
t23	3	6	4	1	2	5	0	31	31	31
t13	3	6	4	1	2	5	0	61	35	35
t23	3	6	4	1	5	2	0	31	31	31
t13	3	6	4	1	5	2	0	61	35	35
t23	3	6	4	2	1	5	0	31	31	31
t13	3	6	4	2	1	5	0	61	35	35
t23	3	6	4	2	5	1	0	31	31	31
t13	3	6	4	2	5	1	0	61	35	35
t23	3	6	4	5	1	2	0	31	31	31
t13	3	6	4	5	1	2	0	61	35	35
t23	3	6	4	5	2	1	0	31	31	31
t13	3	6	4	5	2	1	0	61	35	35
t23	3	6	5	1	2	4	0	27	27	27
t13	3	6	5	1	2	4	0	61	35	35
t23	3	6	5	1	4	2	0	27	27	27
t13	3	6	5	1	4	2	0	61	35	35
t23	3	6	5	2	1	4	0	27	27	27
t13	3	6	5	2	1	4	0	61	35	35
t23	3	6	5	2	4	1	0	27	27	27
t13	3	6	5	2	4	1	0	61	35	35
t23	3	6	5	4	1	2	0	27	27	27
t13	3	6	5	4	1	2	0	61	35	35
t23	3	6	5	4	2	1	0	27	27	27
t13	3	6	5	4	2	1	0	61	35	35
t23	4	1	2	3	5	6	614	173	113	113
t13	4	1	2	3	5	6	56	31	20	20
t23	4	1	2	3	6	5	698	173	113	113
t13	4	1	2	3	6	5	56	31	20	20
t23	4	1	2	5	3	6	0	173	113	113
t13	4	1	2	5	3	6	0	47	26	26
t23	4	1	2	5	6	3	0	173	113	113
t13	4	1	2	5	6	3	0	34	22	22
t23	4	1	2	6	3	5	0	173	113	113
t13	4	1	2	6	3	5	0	47	26	26
t23	4	1	2	6	5	3	0	173	113	113
t13	4	1	2	6	5	3	0	34	22	22
t23	4	1	3	2	5	6	578	173	113	113
t13	4	1	3	2	5	6	61	31	20	20
t23	4	1	3	2	6	5	640	173	113	113
t13	4	1	3	2	6	5	61	31	20	20
t23	4	1	3	5	2	6	0	173	113	113
t13	4	1	3	5	2	6	0	47	26	26
t23	4	1	3	5	6	2	0	173	113	113
t13	4	1	3	5	6	2	0	34	22	22
t23	4	1	3	6	2	5	0	173	113	113
t13	4	1	3	6	2	5	0	47	26	26
t23	4	1	3	6	5	2	0	173	113	113
t13	4	1	3	6	5	2	0	34	22	22
t23	4	1	5	2	3	6	313	173	113	113
t13	4	1	5	2	3	6	115	51	29	29
t23	4	1	5	2	6	3	528	173	113	113
t13	4	1	5	2	6	3	225	46	25	25
t23	4	1	5	3	2	6	380	173	113	113
t13	4	1	5	3	2	6	135	51	29	29
t23	4	1	5	3	6	2	626	173	113	113
t13	4	1	5	3	6	2	261	46	25	25
t23	4	1	5	6	2	3	0	173	113	113
t13	4	1	5	6	2	3	0	53	31	31
t23	4	1	5	6	3	2	0	173	113	113
t13	4	1	5	6	3	2	0	53	31	31
t23	4	1	6	2	3	5	92	39	29	29
t13	4	1	6	2	3	5	157	61	35	35
t23	4	1	6	2	5	3	91	39	29	29
t13	4	1	6	2	5	3	166	61	35	35
t23	4	1	6	3	2	5	100	39	29	29
t13	4	1	6	3	2	5	158	61	35	35
t23	4	1	6	3	5	2	99	39	29	29
t13	4	1	6	3	5	2	180	61	35	35
t23	4	1	6	5	2	3	194	39	29	29
t13	4	1	6	5	2	3	280	61	35	35
t23	4	1	6	5	3	2	186	39	29	29
t13	4	1	6	5	3	2	315	61	35	35
t23	4	2	1	3	5	6	882	173	113	113
t13	4	2	1	3	5	6	83	31	20	20
t23	4	2	1	3	6	5	964	173	113	113
t13	4	2	1	3	6	5	83	31	20	20
t23	4	2	1	5	3	6	0	173	113	113
t13	4	2	1	5	3	6	0	47	26	26
t23	4	2	1	5	6	3	0	173	113	113
t13	4	2	1	5	6	3	0	34	22	22
t23	4	2	1	6	3	5	0	173	113	113
t13	4	2	1	6	3	5	0	47	26	26
t23	4	2	1	6	5	3	0	173	113	113
t13	4	2	1	6	5	3	0	34	22	22
t23	4	2	3	1	5	6	662	173	113	113
t13	4	2	3	1	5	6	70	31	20	20
t23	4	2	3	1	6	5	709	173	113	113
t13	4	2	3	1	6	5	70	31	20	20
t23	4	2	3	5	1	6	0	173	113	113
t13	4	2	3	5	1	6	0	47	26	26
t23	4	2	3	5	6	1	0	173	113	113
t13	4	2	3	5	6	1	0	34	22	22
t23	4	2	3	6	1	5	0	173	113	113
t13	4	2	3	6	1	5	0	47	26	26
t23	4	2	3	6	5	1	0	173	113	113
t13	4	2	3	6	5	1	0	34	22	22
t23	4	2	5	1	3	6	314	173	113	113
t13	4	2	5	1	3	6	121	51	29	29
t23	4	2	5	1	6	3	520	173	113	113
t13	4	2	5	1	6	3	228	46	25	25
t23	4	2	5	3	1	6	380	173	113	113
t13	4	2	5	3	1	6	148	51	29	29
t23	4	2	5	3	6	1	870	173	113	113
t13	4	2	5	3	6	1	381	46	25	25
t23	4	2	5	6	1	3	0	173	113	113
t13	4	2	5	6	1	3	0	53	31	31
t23	4	2	5	6	3	1	0	173	113	113
t13	4	2	5	6	3	1	0	53	31	31
t23	4	2	6	1	3	5	88	39	29	29
t13	4	2	6	1	3	5	163	61	35	35
t23	4	2	6	1	5	3	87	39	29	29
t13	4	2	6	1	5	3	172	61	35	35
t23	4	2	6	3	1	5	94	39	29	29
t13	4	2	6	3	1	5	172	61	35	35
t23	4	2	6	3	5	1	93	39	29	29
t13	4	2	6	3	5	1	187	61	35	35
t23	4	2	6	5	1	3	186	39	29	29
t13	4	2	6	5	1	3	315	61	35	35
t23	4	2	6	5	3	1	178	39	29	29
t13	4	2	6	5	3	1	335	61	35	35
t23	4	3	1	2	5	6	867	173	113	113
t13	4	3	1	2	5	6	98	31	20	20
t23	4	3	1	2	6	5	956	173	113	113
t13	4	3	1	2	6	5	98	31	20	20
t23	4	3	1	5	2	6	0	173	113	113
t13	4	3	1	5	2	6	0	47	26	26
t23	4	3	1	5	6	2	0	173	113	113
t13	4	3	1	5	6	2	0	34	22	22
t23	4	3	1	6	2	5	0	173	113	113
t13	4	3	1	6	2	5	0	47	26	26
t23	4	3	1	6	5	2	0	173	113	113
t13	4	3	1	6	5	2	0	34	22	22
t23	4	3	2	1	5	6	800	173	113	113
t13	4	3	2	1	5	6	101	31	20	20
t23	4	3	2	1	6	5	920	173	113	113
t13	4	3	2	1	6	5	101	31	20	20
t23	4	3	2	5	1	6	0	173	113	113
t13	4	3	2	5	1	6	0	47	26	26
t23	4	3	2	5	6	1	0	173	113	113
t13	4	3	2	5	6	1	0	34	22	22
t23	4	3	2	6	1	5	0	173	113	113
t13	4	3	2	6	1	5	0	47	26	26
t23	4	3	2	6	5	1	0	173	113	113
t13	4	3	2	6	5	1	0	34	22	22
t23	4	3	5	1	2	6	308	173	113	113
t13	4	3	5	1	2	6	139	51	29	29
t23	4	3	5	1	6	2	610	173	113	113
t13	4	3	5	1	6	2	323	46	25	25
t23	4	3	5	2	1	6	374	173	113	113
t13	4	3	5	2	1	6	153	51	29	29
t23	4	3	5	2	6	1	814	173	113	113
t13	4	3	5	2	6	1	386	46	25	25
t23	4	3	5	6	1	2	0	173	113	113
t13	4	3	5	6	1	2	0	53	31	31
t23	4	3	5	6	2	1	0	173	113	113
t13	4	3	5	6	2	1	0	53	31	31
t23	4	3	6	1	2	5	82	39	29	29
t13	4	3	6	1	2	5	175	61	35	35
t23	4	3	6	1	5	2	83	39	29	29
t13	4	3	6	1	5	2	182	61	35	35
t23	4	3	6	2	1	5	88	39	29	29
t13	4	3	6	2	1	5	178	61	35	35
t23	4	3	6	2	5	1	85	39	29	29
t13	4	3	6	2	5	1	182	61	35	35
t23	4	3	6	5	1	2	176	39	29	29
t13	4	3	6	5	1	2	335	61	35	35
t23	4	3	6	5	2	1	168	39	29	29
t13	4	3	6	5	2	1	336	61	35	35
t23	4	5	1	2	3	6	0	173	113	113
t13	4	5	1	2	3	6	0	51	29	29
t23	4	5	1	2	6	3	0	173	113	113
t13	4	5	1	2	6	3	0	46	25	25
t23	4	5	1	3	2	6	0	173	113	113
t13	4	5	1	3	2	6	0	51	29	29
t23	4	5	1	3	6	2	0	173	113	113
t13	4	5	1	3	6	2	0	46	25	25
t23	4	5	1	6	2	3	0	173	113	113
t13	4	5	1	6	2	3	0	53	31	31
t23	4	5	1	6	3	2	0	173	113	113
t13	4	5	1	6	3	2	0	53	31	31
t23	4	5	2	1	3	6	0	173	113	113
t13	4	5	2	1	3	6	0	51	29	29
t23	4	5	2	1	6	3	0	173	113	113
t13	4	5	2	1	6	3	0	46	25	25
t23	4	5	2	3	1	6	0	173	113	113
t13	4	5	2	3	1	6	0	51	29	29
t23	4	5	2	3	6	1	0	173	113	113
t13	4	5	2	3	6	1	0	46	25	25
t23	4	5	2	6	1	3	0	173	113	113
t13	4	5	2	6	1	3	0	53	31	31
t23	4	5	2	6	3	1	0	173	113	113
t13	4	5	2	6	3	1	0	53	31	31
t23	4	5	3	1	2	6	0	173	113	113
t13	4	5	3	1	2	6	0	51	29	29
t23	4	5	3	1	6	2	0	173	113	113
t13	4	5	3	1	6	2	0	46	25	25
t23	4	5	3	2	1	6	0	173	113	113
t13	4	5	3	2	1	6	0	51	29	29
t23	4	5	3	2	6	1	0	173	113	113
t13	4	5	3	2	6	1	0	46	25	25
t23	4	5	3	6	1	2	0	173	113	113
t13	4	5	3	6	1	2	0	53	31	31
t23	4	5	3	6	2	1	0	173	113	113
t13	4	5	3	6	2	1	0	53	31	31
t23	4	5	6	1	2	3	32	17	17	17
t13	4	5	6	1	2	3	230	61	35	35
t23	4	5	6	1	3	2	28	17	17	17
t13	4	5	6	1	3	2	230	61	35	35
t23	4	5	6	2	1	3	38	17	17	17
t13	4	5	6	2	1	3	244	61	35	35
t23	4	5	6	2	3	1	30	17	17	17
t13	4	5	6	2	3	1	244	61	35	35
t23	4	5	6	3	1	2	40	17	17	17
t13	4	5	6	3	1	2	244	61	35	35
t23	4	5	6	3	2	1	36	17	17	17
t13	4	5	6	3	2	1	244	61	35	35
t23	4	6	1	2	3	5	0	31	31	31
t13	4	6	1	2	3	5	0	61	35	35
t23	4	6	1	2	5	3	0	31	31	31
t13	4	6	1	2	5	3	0	61	35	35
t23	4	6	1	3	2	5	0	31	31	31
t13	4	6	1	3	2	5	0	61	35	35
t23	4	6	1	3	5	2	0	31	31	31
t13	4	6	1	3	5	2	0	61	35	35
t23	4	6	1	5	2	3	0	31	31	31
t13	4	6	1	5	2	3	0	61	35	35
t23	4	6	1	5	3	2	0	31	31	31
t13	4	6	1	5	3	2	0	61	35	35
t23	4	6	2	1	3	5	0	31	31	31
t13	4	6	2	1	3	5	0	61	35	35
t23	4	6	2	1	5	3	0	31	31	31
t13	4	6	2	1	5	3	0	61	35	35
t23	4	6	2	3	1	5	0	31	31	31
t13	4	6	2	3	1	5	0	61	35	35
t23	4	6	2	3	5	1	0	31	31	31
t13	4	6	2	3	5	1	0	61	35	35
t23	4	6	2	5	1	3	0	31	31	31
t13	4	6	2	5	1	3	0	61	35	35
t23	4	6	2	5	3	1	0	31	31	31
t13	4	6	2	5	3	1	0	61	35	35
t23	4	6	3	1	2	5	0	31	31	31
t13	4	6	3	1	2	5	0	61	35	35
t23	4	6	3	1	5	2	0	31	31	31
t13	4	6	3	1	5	2	0	61	35	35
t23	4	6	3	2	1	5	0	31	31	31
t13	4	6	3	2	1	5	0	61	35	35
t23	4	6	3	2	5	1	0	31	31	31
t13	4	6	3	2	5	1	0	61	35	35
t23	4	6	3	5	1	2	0	31	31	31
t13	4	6	3	5	1	2	0	61	35	35
t23	4	6	3	5	2	1	0	31	31	31
t13	4	6	3	5	2	1	0	61	35	35
t23	4	6	5	1	2	3	0	17	17	17
t13	4	6	5	1	2	3	0	61	35	35
t23	4	6	5	1	3	2	0	17	17	17
t13	4	6	5	1	3	2	0	61	35	35
t23	4	6	5	2	1	3	0	17	17	17
t13	4	6	5	2	1	3	0	61	35	35
t23	4	6	5	2	3	1	0	17	17	17
t13	4	6	5	2	3	1	0	61	35	35
t23	4	6	5	3	1	2	0	17	17	17
t13	4	6	5	3	1	2	0	61	35	35
t23	4	6	5	3	2	1	0	17	17	17
t13	4	6	5	3	2	1	0	61	35	35
t23	5	1	2	3	4	6	731	173	113	113
t13	5	1	2	3	4	6	122	51	29	29
t23	5	1	2	3	6	4	2660	173	113	113
t13	5	1	2	3	6	4	528	46	25	25
t23	5	1	2	4	3	6	746	173	113	113
t13	5	1	2	4	3	6	122	51	29	29
t23	5	1	2	4	6	3	7335	173	113	113
t13	5	1	2	4	6	3	1282	46	25	25
t23	5	1	2	6	3	4	0	173	113	113
t13	5	1	2	6	3	4	0	53	31	31
t23	5	1	2	6	4	3	0	173	113	113
t13	5	1	2	6	4	3	0	53	31	31
t23	5	1	3	2	4	6	485	173	113	113
t13	5	1	3	2	4	6	91	51	29	29
t23	5	1	3	2	6	4	1692	173	113	113
t13	5	1	3	2	6	4	374	46	25	25
t23	5	1	3	4	2	6	705	173	113	113
t13	5	1	3	4	2	6	142	51	29	29
t23	5	1	3	4	6	2	6923	173	113	113
t13	5	1	3	4	6	2	1660	46	25	25
t23	5	1	3	6	2	4	0	173	113	113
t13	5	1	3	6	2	4	0	53	31	31
t23	5	1	3	6	4	2	0	173	113	113
t13	5	1	3	6	4	2	0	53	31	31
t23	5	1	4	2	3	6	433	173	113	113
t13	5	1	4	2	3	6	100	51	29	29
t23	5	1	4	2	6	3	1569	173	113	113
t13	5	1	4	2	6	3	472	46	25	25
t23	5	1	4	3	2	6	535	173	113	113
t13	5	1	4	3	2	6	124	51	29	29
t23	5	1	4	3	6	2	2494	173	113	113
t13	5	1	4	3	6	2	686	46	25	25
t23	5	1	4	6	2	3	0	173	113	113
t13	5	1	4	6	2	3	0	53	31	31
t23	5	1	4	6	3	2	0	173	113	113
t13	5	1	4	6	3	2	0	53	31	31
t23	5	1	6	2	3	4	52	19	19	19
t13	5	1	6	2	3	4	169	61	35	35
t23	5	1	6	2	4	3	48	19	19	19
t13	5	1	6	2	4	3	169	61	35	35
t23	5	1	6	3	2	4	58	19	19	19
t13	5	1	6	3	2	4	173	61	35	35
t23	5	1	6	3	4	2	50	19	19	19
t13	5	1	6	3	4	2	173	61	35	35
t23	5	1	6	4	2	3	60	19	19	19
t13	5	1	6	4	2	3	173	61	35	35
t23	5	1	6	4	3	2	56	19	19	19
t13	5	1	6	4	3	2	173	61	35	35
t23	5	2	1	3	4	6	1028	173	113	113
t13	5	2	1	3	4	6	198	51	29	29
t23	5	2	1	3	6	4	0	173	113	113
t13	5	2	1	3	6	4	0	46	25	25
t23	5	2	1	4	3	6	1295	173	113	113
t13	5	2	1	4	3	6	233	51	29	29
t23	5	2	1	4	6	3	0	173	113	113
t13	5	2	1	4	6	3	0	46	25	25
t23	5	2	1	6	3	4	0	173	113	113
t13	5	2	1	6	3	4	0	53	31	31
t23	5	2	1	6	4	3	0	173	113	113
t13	5	2	1	6	4	3	0	53	31	31
t23	5	2	3	1	4	6	518	173	113	113
t13	5	2	3	1	4	6	103	51	29	29
t23	5	2	3	1	6	4	1582	173	113	113
t13	5	2	3	1	6	4	364	46	25	25
t23	5	2	3	4	1	6	756	173	113	113
t13	5	2	3	4	1	6	160	51	29	29
t23	5	2	3	4	6	1	0	173	113	113
t13	5	2	3	4	6	1	0	46	25	25
t23	5	2	3	6	1	4	0	173	113	113
t13	5	2	3	6	1	4	0	53	31	31
t23	5	2	3	6	4	1	0	173	113	113
t13	5	2	3	6	4	1	0	53	31	31
t23	5	2	4	1	3	6	492	173	113	113
t13	5	2	4	1	3	6	112	51	29	29
t23	5	2	4	1	6	3	1463	173	113	113
t13	5	2	4	1	6	3	454	46	25	25
t23	5	2	4	3	1	6	613	173	113	113
t13	5	2	4	3	1	6	150	51	29	29
t23	5	2	4	3	6	1	0	173	113	113
t13	5	2	4	3	6	1	0	46	25	25
t23	5	2	4	6	1	3	0	173	113	113
t13	5	2	4	6	1	3	0	53	31	31
t23	5	2	4	6	3	1	0	173	113	113
t13	5	2	4	6	3	1	0	53	31	31
t23	5	2	6	1	3	4	46	19	19	19
t13	5	2	6	1	3	4	174	61	35	35
t23	5	2	6	1	4	3	42	19	19	19
t13	5	2	6	1	4	3	174	61	35	35
t23	5	2	6	3	1	4	52	19	19	19
t13	5	2	6	3	1	4	187	61	35	35
t23	5	2	6	3	4	1	44	19	19	19
t13	5	2	6	3	4	1	183	61	35	35
t23	5	2	6	4	1	3	54	19	19	19
t13	5	2	6	4	1	3	191	61	35	35
t23	5	2	6	4	3	1	50	19	19	19
t13	5	2	6	4	3	1	183	61	35	35
t23	5	3	1	2	4	6	976	173	113	113
t13	5	3	1	2	4	6	197	51	29	29
t23	5	3	1	2	6	4	0	173	113	113
t13	5	3	1	2	6	4	0	46	25	25
t23	5	3	1	4	2	6	1821	173	113	113
t13	5	3	1	4	2	6	375	51	29	29
t23	5	3	1	4	6	2	0	173	113	113
t13	5	3	1	4	6	2	0	46	25	25
t23	5	3	1	6	2	4	0	173	113	113
t13	5	3	1	6	2	4	0	53	31	31
t23	5	3	1	6	4	2	0	173	113	113
t13	5	3	1	6	4	2	0	53	31	31
t23	5	3	2	1	4	6	829	173	113	113
t13	5	3	2	1	4	6	186	51	29	29
t23	5	3	2	1	6	4	0	173	113	113
t13	5	3	2	1	6	4	0	46	25	25
t23	5	3	2	4	1	6	1660	173	113	113
t13	5	3	2	4	1	6	402	51	29	29
t23	5	3	2	4	6	1	0	173	113	113
t13	5	3	2	4	6	1	0	46	25	25
t23	5	3	2	6	1	4	0	173	113	113
t13	5	3	2	6	1	4	0	53	31	31
t23	5	3	2	6	4	1	0	173	113	113
t13	5	3	2	6	4	1	0	53	31	31
t23	5	3	4	1	2	6	488	173	113	113
t13	5	3	4	1	2	6	126	51	29	29
t23	5	3	4	1	6	2	15588	173	113	113
t13	5	3	4	1	6	2	5929	46	25	25
t23	5	3	4	2	1	6	574	173	113	113
t13	5	3	4	2	1	6	141	51	29	29
t23	5	3	4	2	6	1	0	173	113	113
t13	5	3	4	2	6	1	0	46	25	25
t23	5	3	4	6	1	2	0	173	113	113
t13	5	3	4	6	1	2	0	53	31	31
t23	5	3	4	6	2	1	0	173	113	113
t13	5	3	4	6	2	1	0	53	31	31
t23	5	3	6	1	2	4	40	19	19	19
t13	5	3	6	1	2	4	192	61	35	35
t23	5	3	6	1	4	2	36	19	19	19
t13	5	3	6	1	4	2	184	61	35	35
t23	5	3	6	2	1	4	46	19	19	19
t13	5	3	6	2	1	4	193	61	35	35
t23	5	3	6	2	4	1	38	19	19	19
t13	5	3	6	2	4	1	185	61	35	35
t23	5	3	6	4	1	2	48	19	19	19
t13	5	3	6	4	1	2	201	61	35	35
t23	5	3	6	4	2	1	44	19	19	19
t13	5	3	6	4	2	1	201	61	35	35
t23	5	4	1	2	3	6	1322	173	113	113
t13	5	4	1	2	3	6	303	51	29	29
t23	5	4	1	2	6	3	0	173	113	113
t13	5	4	1	2	6	3	0	46	25	25
t23	5	4	1	3	2	6	1412	173	113	113
t13	5	4	1	3	2	6	321	51	29	29
t23	5	4	1	3	6	2	0	173	113	113
t13	5	4	1	3	6	2	0	46	25	25
t23	5	4	1	6	2	3	0	173	113	113
t13	5	4	1	6	2	3	0	53	31	31
t23	5	4	1	6	3	2	0	173	113	113
t13	5	4	1	6	3	2	0	53	31	31
t23	5	4	2	1	3	6	915	173	113	113
t13	5	4	2	1	3	6	228	51	29	29
t23	5	4	2	1	6	3	0	173	113	113
t13	5	4	2	1	6	3	0	46	25	25
t23	5	4	2	3	1	6	1274	173	113	113
t13	5	4	2	3	1	6	339	51	29	29
t23	5	4	2	3	6	1	0	173	113	113
t13	5	4	2	3	6	1	0	46	25	25
t23	5	4	2	6	1	3	0	173	113	113
t13	5	4	2	6	1	3	0	53	31	31
t23	5	4	2	6	3	1	0	173	113	113
t13	5	4	2	6	3	1	0	53	31	31
t23	5	4	3	1	2	6	811	173	113	113
t13	5	4	3	1	2	6	237	51	29	29
t23	5	4	3	1	6	2	0	173	113	113
t13	5	4	3	1	6	2	0	46	25	25
t23	5	4	3	2	1	6	876	173	113	113
t13	5	4	3	2	1	6	237	51	29	29
t23	5	4	3	2	6	1	0	173	113	113
t13	5	4	3	2	6	1	0	46	25	25
t23	5	4	3	6	1	2	0	173	113	113
t13	5	4	3	6	1	2	0	53	31	31
t23	5	4	3	6	2	1	0	173	113	113
t13	5	4	3	6	2	1	0	53	31	31
t23	5	4	6	1	2	3	32	17	17	17
t13	5	4	6	1	2	3	200	61	35	35
t23	5	4	6	1	3	2	28	17	17	17
t13	5	4	6	1	3	2	200	61	35	35
t23	5	4	6	2	1	3	38	17	17	17
t13	5	4	6	2	1	3	203	61	35	35
t23	5	4	6	2	3	1	30	17	17	17
t13	5	4	6	2	3	1	203	61	35	35
t23	5	4	6	3	1	2	40	17	17	17
t13	5	4	6	3	1	2	203	61	35	35
t23	5	4	6	3	2	1	36	17	17	17
t13	5	4	6	3	2	1	203	61	35	35
t23	5	6	1	2	3	4	0	21	21	21
t13	5	6	1	2	3	4	0	61	35	35
t23	5	6	1	2	4	3	0	21	21	21
t13	5	6	1	2	4	3	0	61	35	35
t23	5	6	1	3	2	4	0	21	21	21
t13	5	6	1	3	2	4	0	61	35	35
t23	5	6	1	3	4	2	0	21	21	21
t13	5	6	1	3	4	2	0	61	35	35
t23	5	6	1	4	2	3	0	21	21	21
t13	5	6	1	4	2	3	0	61	35	35
t23	5	6	1	4	3	2	0	21	21	21
t13	5	6	1	4	3	2	0	61	35	35
t23	5	6	2	1	3	4	0	21	21	21
t13	5	6	2	1	3	4	0	61	35	35
t23	5	6	2	1	4	3	0	21	21	21
t13	5	6	2	1	4	3	0	61	35	35
t23	5	6	2	3	1	4	0	21	21	21
t13	5	6	2	3	1	4	0	61	35	35
t23	5	6	2	3	4	1	0	21	21	21
t13	5	6	2	3	4	1	0	61	35	35
t23	5	6	2	4	1	3	0	21	21	21
t13	5	6	2	4	1	3	0	61	35	35
t23	5	6	2	4	3	1	0	21	21	21
t13	5	6	2	4	3	1	0	61	35	35
t23	5	6	3	1	2	4	0	21	21	21
t13	5	6	3	1	2	4	0	61	35	35
t23	5	6	3	1	4	2	0	21	21	21
t13	5	6	3	1	4	2	0	61	35	35
t23	5	6	3	2	1	4	0	21	21	21
t13	5	6	3	2	1	4	0	61	35	35
t23	5	6	3	2	4	1	0	21	21	21
t13	5	6	3	2	4	1	0	61	35	35
t23	5	6	3	4	1	2	0	21	21	21
t13	5	6	3	4	1	2	0	61	35	35
t23	5	6	3	4	2	1	0	21	21	21
t13	5	6	3	4	2	1	0	61	35	35
t23	5	6	4	1	2	3	0	17	17	17
t13	5	6	4	1	2	3	0	61	35	35
t23	5	6	4	1	3	2	0	17	17	17
t13	5	6	4	1	3	2	0	61	35	35
t23	5	6	4	2	1	3	0	17	17	17
t13	5	6	4	2	1	3	0	61	35	35
t23	5	6	4	2	3	1	0	17	17	17
t13	5	6	4	2	3	1	0	61	35	35
t23	5	6	4	3	1	2	0	17	17	17
t13	5	6	4	3	1	2	0	61	35	35
t23	5	6	4	3	2	1	0	17	17	17
t13	5	6	4	3	2	1	0	61	35	35
t23	6	1	2	3	4	5	306	23	23	23
t13	6	1	2	3	4	5	227	61	35	35
t23	6	1	2	3	5	4	321	23	23	23
t13	6	1	2	3	5	4	242	61	35	35
t23	6	1	2	4	3	5	393	23	23	23
t13	6	1	2	4	3	5	267	61	35	35
t23	6	1	2	4	5	3	378	23	23	23
t13	6	1	2	4	5	3	267	61	35	35
t23	6	1	2	5	3	4	576	23	23	23
t13	6	1	2	5	3	4	344	61	35	35
t23	6	1	2	5	4	3	590	23	23	23
t13	6	1	2	5	4	3	372	61	35	35
t23	6	1	3	2	4	5	170	23	23	23
t13	6	1	3	2	4	5	167	61	35	35
t23	6	1	3	2	5	4	182	23	23	23
t13	6	1	3	2	5	4	182	61	35	35
t23	6	1	3	4	2	5	294	23	23	23
t13	6	1	3	4	2	5	269	61	35	35
t23	6	1	3	4	5	2	306	23	23	23
t13	6	1	3	4	5	2	289	61	35	35
t23	6	1	3	5	2	4	379	23	23	23
t13	6	1	3	5	2	4	310	61	35	35
t23	6	1	3	5	4	2	492	23	23	23
t13	6	1	3	5	4	2	404	61	35	35
t23	6	1	4	2	3	5	122	23	23	23
t13	6	1	4	2	3	5	172	61	35	35
t23	6	1	4	2	5	3	134	23	23	23
t13	6	1	4	2	5	3	192	61	35	35
t23	6	1	4	3	2	5	145	23	23	23
t13	6	1	4	3	2	5	173	61	35	35
t23	6	1	4	3	5	2	154	23	23	23
t13	6	1	4	3	5	2	202	61	35	35
t23	6	1	4	5	2	3	286	23	23	23
t13	6	1	4	5	2	3	343	61	35	35
t23	6	1	4	5	3	2	305	23	23	23
t13	6	1	4	5	3	2	366	61	35	35
t23	6	1	5	2	3	4	78	19	19	19
t13	6	1	5	2	3	4	184	61	35	35
t23	6	1	5	2	4	3	74	19	19	19
t13	6	1	5	2	4	3	184	61	35	35
t23	6	1	5	3	2	4	86	19	19	19
t13	6	1	5	3	2	4	192	61	35	35
t23	6	1	5	3	4	2	76	19	19	19
t13	6	1	5	3	4	2	185	61	35	35
t23	6	1	5	4	2	3	88	19	19	19
t13	6	1	5	4	2	3	200	61	35	35
t23	6	1	5	4	3	2	84	19	19	19
t13	6	1	5	4	3	2	200	61	35	35
t23	6	2	1	3	4	5	814	23	23	23
t13	6	2	1	3	4	5	635	61	35	35
t23	6	2	1	3	5	4	842	23	23	23
t13	6	2	1	3	5	4	677	61	35	35
t23	6	2	1	4	3	5	1332	23	23	23
t13	6	2	1	4	3	5	957	61	35	35
t23	6	2	1	4	5	3	1553	23	23	23
t13	6	2	1	4	5	3	1159	61	35	35
t23	6	2	1	5	3	4	0	23	23	23
t13	6	2	1	5	3	4	0	61	35	35
t23	6	2	1	5	4	3	0	23	23	23
t13	6	2	1	5	4	3	0	61	35	35
t23	6	2	3	1	4	5	164	23	23	23
t13	6	2	3	1	4	5	178	61	35	35
t23	6	2	3	1	5	4	171	23	23	23
t13	6	2	3	1	5	4	188	61	35	35
t23	6	2	3	4	1	5	304	23	23	23
t13	6	2	3	4	1	5	317	61	35	35
t23	6	2	3	4	5	1	332	23	23	23
t13	6	2	3	4	5	1	360	61	35	35
t23	6	2	3	5	1	4	460	23	23	23
t13	6	2	3	5	1	4	426	61	35	35
t23	6	2	3	5	4	1	681	23	23	23
t13	6	2	3	5	4	1	619	61	35	35
t23	6	2	4	1	3	5	106	23	23	23
t13	6	2	4	1	3	5	167	61	35	35
t23	6	2	4	1	5	3	123	23	23	23
t13	6	2	4	1	5	3	200	61	35	35
t23	6	2	4	3	1	5	135	23	23	23
t13	6	2	4	3	1	5	192	61	35	35
t23	6	2	4	3	5	1	153	23	23	23
t13	6	2	4	3	5	1	240	61	35	35
t23	6	2	4	5	1	3	335	23	23	23
t13	6	2	4	5	1	3	464	61	35	35
t23	6	2	4	5	3	1	307	23	23	23
t13	6	2	4	5	3	1	434	61	35	35
t23	6	2	5	1	3	4	62	19	19	19
t13	6	2	5	1	3	4	172	61	35	35
t23	6	2	5	1	4	3	58	19	19	19
t13	6	2	5	1	4	3	172	61	35	35
t23	6	2	5	3	1	4	70	19	19	19
t13	6	2	5	3	1	4	213	61	35	35
t23	6	2	5	3	4	1	62	19	19	19
t13	6	2	5	3	4	1	198	61	35	35
t23	6	2	5	4	1	3	76	19	19	19
t13	6	2	5	4	1	3	222	61	35	35
t23	6	2	5	4	3	1	70	19	19	19
t13	6	2	5	4	3	1	213	61	35	35
t23	6	3	1	2	4	5	584	23	23	23
t13	6	3	1	2	4	5	520	61	35	35
t23	6	3	1	2	5	4	583	23	23	23
t13	6	3	1	2	5	4	521	61	35	35
t23	6	3	1	4	2	5	0	23	23	23
t13	6	3	1	4	2	5	0	61	35	35
t23	6	3	1	4	5	2	0	23	23	23
t13	6	3	1	4	5	2	0	61	35	35
t23	6	3	1	5	2	4	0	23	23	23
t13	6	3	1	5	2	4	0	61	35	35
t23	6	3	1	5	4	2	0	23	23	23
t13	6	3	1	5	4	2	0	61	35	35
t23	6	3	2	1	4	5	280	23	23	23
t13	6	3	2	1	4	5	315	61	35	35
t23	6	3	2	1	5	4	275	23	23	23
t13	6	3	2	1	5	4	315	61	35	35
t23	6	3	2	4	1	5	0	23	23	23
t13	6	3	2	4	1	5	0	61	35	35
t23	6	3	2	4	5	1	0	23	23	23
t13	6	3	2	4	5	1	0	61	35	35
t23	6	3	2	5	1	4	0	23	23	23
t13	6	3	2	5	1	4	0	61	35	35
t23	6	3	2	5	4	1	0	23	23	23
t13	6	3	2	5	4	1	0	61	35	35
t23	6	3	4	1	2	5	102	23	23	23
t13	6	3	4	1	2	5	194	61	35	35
t23	6	3	4	1	5	2	110	23	23	23
t13	6	3	4	1	5	2	216	61	35	35
t23	6	3	4	2	1	5	108	23	23	23
t13	6	3	4	2	1	5	194	61	35	35
t23	6	3	4	2	5	1	133	23	23	23
t13	6	3	4	2	5	1	235	61	35	35
t23	6	3	4	5	1	2	296	23	23	23
t13	6	3	4	5	1	2	508	61	35	35
t23	6	3	4	5	2	1	355	23	23	23
t13	6	3	4	5	2	1	608	61	35	35
t23	6	3	5	1	2	4	48	19	19	19
t13	6	3	5	1	2	4	199	61	35	35
t23	6	3	5	1	4	2	44	19	19	19
t13	6	3	5	1	4	2	195	61	35	35
t23	6	3	5	2	1	4	54	19	19	19
t13	6	3	5	2	1	4	199	61	35	35
t23	6	3	5	2	4	1	46	19	19	19
t13	6	3	5	2	4	1	200	61	35	35
t23	6	3	5	4	1	2	58	19	19	19
t13	6	3	5	4	1	2	230	61	35	35
t23	6	3	5	4	2	1	54	19	19	19
t13	6	3	5	4	2	1	230	61	35	35
t23	6	4	1	2	3	5	716	23	23	23
t13	6	4	1	2	3	5	762	61	35	35
t23	6	4	1	2	5	3	956	23	23	23
t13	6	4	1	2	5	3	1034	61	35	35
t23	6	4	1	3	2	5	1186	23	23	23
t13	6	4	1	3	2	5	1175	61	35	35
t23	6	4	1	3	5	2	1947	23	23	23
t13	6	4	1	3	5	2	1987	61	35	35
t23	6	4	1	5	2	3	0	23	23	23
t13	6	4	1	5	2	3	0	61	35	35
t23	6	4	1	5	3	2	0	23	23	23
t13	6	4	1	5	3	2	0	61	35	35
t23	6	4	2	1	3	5	244	23	23	23
t13	6	4	2	1	3	5	356	61	35	35
t23	6	4	2	1	5	3	345	23	23	23
t13	6	4	2	1	5	3	480	61	35	35
t23	6	4	2	3	1	5	649	23	23	23
t13	6	4	2	3	1	5	872	61	35	35
t23	6	4	2	3	5	1	1503	23	23	23
t13	6	4	2	3	5	1	2082	61	35	35
t23	6	4	2	5	1	3	0	23	23	23
t13	6	4	2	5	1	3	0	61	35	35
t23	6	4	2	5	3	1	0	23	23	23
t13	6	4	2	5	3	1	0	61	35	35
t23	6	4	3	1	2	5	156	23	23	23
t13	6	4	3	1	2	5	326	61	35	35
t23	6	4	3	1	5	2	234	23	23	23
t13	6	4	3	1	5	2	503	61	35	35
t23	6	4	3	2	1	5	168	23	23	23
t13	6	4	3	2	1	5	349	61	35	35
t23	6	4	3	2	5	1	252	23	23	23
t13	6	4	3	2	5	1	526	61	35	35
t23	6	4	3	5	1	2	0	23	23	23
t13	6	4	3	5	1	2	0	61	35	35
t23	6	4	3	5	2	1	0	23	23	23
t13	6	4	3	5	2	1	0	61	35	35
t23	6	4	5	1	2	3	32	17	17	17
t13	6	4	5	1	2	3	212	61	35	35
t23	6	4	5	1	3	2	28	17	17	17
t13	6	4	5	1	3	2	212	61	35	35
t23	6	4	5	2	1	3	38	17	17	17
t13	6	4	5	2	1	3	212	61	35	35
t23	6	4	5	2	3	1	30	17	17	17
t13	6	4	5	2	3	1	212	61	35	35
t23	6	4	5	3	1	2	40	17	17	17
t13	6	4	5	3	1	2	216	61	35	35
t23	6	4	5	3	2	1	36	17	17	17
t13	6	4	5	3	2	1	221	61	35	35
t23	6	5	1	2	3	4	0	21	21	21
t13	6	5	1	2	3	4	0	61	35	35
t23	6	5	1	2	4	3	0	21	21	21
t13	6	5	1	2	4	3	0	61	35	35
t23	6	5	1	3	2	4	0	21	21	21
t13	6	5	1	3	2	4	0	61	35	35
t23	6	5	1	3	4	2	0	21	21	21
t13	6	5	1	3	4	2	0	61	35	35
t23	6	5	1	4	2	3	0	21	21	21
t13	6	5	1	4	2	3	0	61	35	35
t23	6	5	1	4	3	2	0	21	21	21
t13	6	5	1	4	3	2	0	61	35	35
t23	6	5	2	1	3	4	276	21	21	21
t13	6	5	2	1	3	4	528	61	35	35
t23	6	5	2	1	4	3	277	21	21	21
t13	6	5	2	1	4	3	532	61	35	35
t23	6	5	2	3	1	4	1182	21	21	21
t13	6	5	2	3	1	4	2045	61	35	35
t23	6	5	2	3	4	1	0	21	21	21
t13	6	5	2	3	4	1	0	61	35	35
t23	6	5	2	4	1	3	0	21	21	21
t13	6	5	2	4	1	3	0	61	35	35
t23	6	5	2	4	3	1	0	21	21	21
t13	6	5	2	4	3	1	0	61	35	35
t23	6	5	3	1	2	4	144	21	21	21
t13	6	5	3	1	2	4	446	61	35	35
t23	6	5	3	1	4	2	158	21	21	21
t13	6	5	3	1	4	2	547	61	35	35
t23	6	5	3	2	1	4	150	21	21	21
t13	6	5	3	2	1	4	457	61	35	35
t23	6	5	3	2	4	1	182	21	21	21
t13	6	5	3	2	4	1	600	61	35	35
t23	6	5	3	4	1	2	0	21	21	21
t13	6	5	3	4	1	2	0	61	35	35
t23	6	5	3	4	2	1	0	21	21	21
t13	6	5	3	4	2	1	0	61	35	35
t23	6	5	4	1	2	3	32	17	17	17
t13	6	5	4	1	2	3	463	61	35	35
t23	6	5	4	1	3	2	28	17	17	17
t13	6	5	4	1	3	2	463	61	35	35
t23	6	5	4	2	1	3	38	17	17	17
t13	6	5	4	2	1	3	467	61	35	35
t23	6	5	4	2	3	1	30	17	17	17
t13	6	5	4	2	3	1	467	61	35	35
t23	6	5	4	3	1	2	40	17	17	17
t13	6	5	4	3	1	2	467	61	35	35
t23	6	5	4	3	2	1	36	17	17	17
t13	6	5	4	3	2	1	467	61	35	35
