Path	P1	P2	P3	P4	P5	P6	lat	lat_sync	lat_syncref	lat_async
S1	1	2	3	4	5	6	56	17	17	28
S2	1	2	3	4	5	6	685	113	113	173
S1	1	2	3	4	6	5	56	17	17	28
S2	1	2	3	4	6	5	713	113	113	173
S1	1	2	3	5	4	6	56	17	17	28
S2	1	2	3	5	4	6	2564	113	113	173
S1	1	2	3	5	6	4	56	17	17	28
S2	1	2	3	5	6	4	1790	113	113	173
S1	1	2	3	6	4	5	0	17	17	28
S2	1	2	3	6	4	5	0	113	113	173
S1	1	2	3	6	5	4	0	17	17	28
S2	1	2	3	6	5	4	0	113	113	173
S1	1	2	4	3	5	6	69	20	20	31
S2	1	2	4	3	5	6	552	113	113	173
S1	1	2	4	3	6	5	69	20	20	31
S2	1	2	4	3	6	5	562	113	113	173
S1	1	2	4	5	3	6	286	26	26	49
S2	1	2	4	5	3	6	2327	113	113	173
S1	1	2	4	5	6	3	232	22	22	34
S2	1	2	4	5	6	3	1606	113	113	173
S1	1	2	4	6	3	5	0	26	26	49
S2	1	2	4	6	3	5	0	113	113	173
S1	1	2	4	6	5	3	0	22	22	34
S2	1	2	4	6	5	3	0	113	113	173
S1	1	2	5	3	4	6	101	29	29	53
S2	1	2	5	3	4	6	405	113	113	173
S1	1	2	5	3	6	4	135	25	25	48
S2	1	2	5	3	6	4	433	113	113	173
S1	1	2	5	4	3	6	111	29	29	53
S2	1	2	5	4	3	6	458	113	113	173
S1	1	2	5	4	6	3	150	25	25	48
S2	1	2	5	4	6	3	600	113	113	173
S1	1	2	5	6	3	4	0	31	31	55
S2	1	2	5	6	3	4	0	113	113	173
S1	1	2	5	6	4	3	0	31	31	55
S2	1	2	5	6	4	3	0	113	113	173
S1	1	2	6	3	4	5	155	35	35	75
S2	1	2	6	3	4	5	134	29	29	53
S1	1	2	6	3	5	4	156	35	35	75
S2	1	2	6	3	5	4	148	29	29	53
S1	1	2	6	4	3	5	160	35	35	75
S2	1	2	6	4	3	5	171	29	29	53
S1	1	2	6	4	5	3	161	35	35	75
S2	1	2	6	4	5	3	165	29	29	53
S1	1	2	6	5	3	4	217	35	35	75
S2	1	2	6	5	3	4	303	29	29	53
S1	1	2	6	5	4	3	232	35	35	75
S2	1	2	6	5	4	3	302	29	29	53
S1	1	3	2	4	5	6	136	17	17	28
S2	1	3	2	4	5	6	1138	113	113	173
S1	1	3	2	4	6	5	136	17	17	28
S2	1	3	2	4	6	5	1163	113	113	173
S1	1	3	2	5	4	6	136	17	17	28
S2	1	3	2	5	4	6	5081	113	113	173
S1	1	3	2	5	6	4	136	17	17	28
S2	1	3	2	5	6	4	3032	113	113	173
S1	1	3	2	6	4	5	0	17	17	28
S2	1	3	2	6	4	5	0	113	113	173
S1	1	3	2	6	5	4	0	17	17	28
S2	1	3	2	6	5	4	0	113	113	173
S1	1	3	4	2	5	6	78	20	20	31
S2	1	3	4	2	5	6	494	113	113	173
S1	1	3	4	2	6	5	78	20	20	31
S2	1	3	4	2	6	5	595	113	113	173
S1	1	3	4	5	2	6	0	26	26	49
S2	1	3	4	5	2	6	0	113	113	173
S1	1	3	4	5	6	2	0	22	22	34
S2	1	3	4	5	6	2	0	113	113	173
S1	1	3	4	6	2	5	0	26	26	49
S2	1	3	4	6	2	5	0	113	113	173
S1	1	3	4	6	5	2	0	22	22	34
S2	1	3	4	6	5	2	0	113	113	173
S1	1	3	5	2	4	6	112	29	29	53
S2	1	3	5	2	4	6	373	113	113	173
S1	1	3	5	2	6	4	152	25	25	48
S2	1	3	5	2	6	4	453	113	113	173
S1	1	3	5	4	2	6	138	29	29	53
S2	1	3	5	4	2	6	485	113	113	173
S1	1	3	5	4	6	2	360	25	25	48
S2	1	3	5	4	6	2	1017	113	113	173
S1	1	3	5	6	2	4	0	31	31	55
S2	1	3	5	6	2	4	0	113	113	173
S1	1	3	5	6	4	2	0	31	31	55
S2	1	3	5	6	4	2	0	113	113	173
S1	1	3	6	2	4	5	155	35	35	75
S2	1	3	6	2	4	5	118	29	29	53
S1	1	3	6	2	5	4	167	35	35	75
S2	1	3	6	2	5	4	119	29	29	53
S1	1	3	6	4	2	5	198	35	35	75
S2	1	3	6	4	2	5	165	29	29	53
S1	1	3	6	4	5	2	201	35	35	75
S2	1	3	6	4	5	2	149	29	29	53
S1	1	3	6	5	2	4	275	35	35	75
S2	1	3	6	5	2	4	285	29	29	53
S1	1	3	6	5	4	2	290	35	35	75
S2	1	3	6	5	4	2	284	29	29	53
S1	1	4	2	3	5	6	224	20	20	31
S2	1	4	2	3	5	6	1396	113	113	173
S1	1	4	2	3	6	5	224	20	20	31
S2	1	4	2	3	6	5	1459	113	113	173
S1	1	4	2	5	3	6	0	26	26	49
S2	1	4	2	5	3	6	0	113	113	173
S1	1	4	2	5	6	3	0	22	22	34
S2	1	4	2	5	6	3	0	113	113	173
S1	1	4	2	6	3	5	0	26	26	49
S2	1	4	2	6	3	5	0	113	113	173
S1	1	4	2	6	5	3	0	22	22	34
S2	1	4	2	6	5	3	0	113	113	173
S1	1	4	3	2	5	6	227	20	20	31
S2	1	4	3	2	5	6	1019	113	113	173
S1	1	4	3	2	6	5	227	20	20	31
S2	1	4	3	2	6	5	1121	113	113	173
S1	1	4	3	5	2	6	0	26	26	49
S2	1	4	3	5	2	6	0	113	113	173
S1	1	4	3	5	6	2	0	22	22	34
S2	1	4	3	5	6	2	0	113	113	173
S1	1	4	3	6	2	5	0	26	26	49
S2	1	4	3	6	2	5	0	113	113	173
S1	1	4	3	6	5	2	0	22	22	34
S2	1	4	3	6	5	2	0	113	113	173
S1	1	4	5	2	3	6	150	29	29	53
S2	1	4	5	2	3	6	396	113	113	173
S1	1	4	5	2	6	3	254	25	25	48
S2	1	4	5	2	6	3	558	113	113	173
S1	1	4	5	3	2	6	150	29	29	53
S2	1	4	5	3	2	6	449	113	113	173
S1	1	4	5	3	6	2	362	25	25	48
S2	1	4	5	3	6	2	942	113	113	173
S1	1	4	5	6	2	3	0	31	31	55
S2	1	4	5	6	2	3	0	113	113	173
S1	1	4	5	6	3	2	0	31	31	55
S2	1	4	5	6	3	2	0	113	113	173
S1	1	4	6	2	3	5	189	35	35	75
S2	1	4	6	2	3	5	100	29	29	53
S1	1	4	6	2	5	3	196	35	35	75
S2	1	4	6	2	5	3	113	29	29	53
S1	1	4	6	3	2	5	190	35	35	75
S2	1	4	6	3	2	5	116	29	29	53
S1	1	4	6	3	5	2	208	35	35	75
S2	1	4	6	3	5	2	131	29	29	53
S1	1	4	6	5	2	3	369	35	35	75
S2	1	4	6	5	2	3	242	29	29	53
S1	1	4	6	5	3	2	390	35	35	75
S2	1	4	6	5	3	2	245	29	29	53
S1	1	5	2	3	4	6	0	29	29	53
S2	1	5	2	3	4	6	0	113	113	173
S1	1	5	2	3	6	4	0	25	25	48
S2	1	5	2	3	6	4	0	113	113	173
S1	1	5	2	4	3	6	0	29	29	53
S2	1	5	2	4	3	6	0	113	113	173
S1	1	5	2	4	6	3	0	25	25	48
S2	1	5	2	4	6	3	0	113	113	173
S1	1	5	2	6	3	4	0	31	31	55
S2	1	5	2	6	3	4	0	113	113	173
S1	1	5	2	6	4	3	0	31	31	55
S2	1	5	2	6	4	3	0	113	113	173
S1	1	5	3	2	4	6	0	29	29	53
S2	1	5	3	2	4	6	0	113	113	173
S1	1	5	3	2	6	4	0	25	25	48
S2	1	5	3	2	6	4	0	113	113	173
S1	1	5	3	4	2	6	0	29	29	53
S2	1	5	3	4	2	6	0	113	113	173
S1	1	5	3	4	6	2	0	25	25	48
S2	1	5	3	4	6	2	0	113	113	173
S1	1	5	3	6	2	4	0	31	31	55
S2	1	5	3	6	2	4	0	113	113	173
S1	1	5	3	6	4	2	0	31	31	55
S2	1	5	3	6	4	2	0	113	113	173
S1	1	5	4	2	3	6	0	29	29	53
S2	1	5	4	2	3	6	0	113	113	173
S1	1	5	4	2	6	3	0	25	25	48
S2	1	5	4	2	6	3	0	113	113	173
S1	1	5	4	3	2	6	0	29	29	53
S2	1	5	4	3	2	6	0	113	113	173
S1	1	5	4	3	6	2	0	25	25	48
S2	1	5	4	3	6	2	0	113	113	173
S1	1	5	4	6	2	3	0	31	31	55
S2	1	5	4	6	2	3	0	113	113	173
S1	1	5	4	6	3	2	0	31	31	55
S2	1	5	4	6	3	2	0	113	113	173
S1	1	5	6	2	3	4	213	35	35	75
S2	1	5	6	2	3	4	92	27	27	47
S1	1	5	6	2	4	3	229	35	35	75
S2	1	5	6	2	4	3	93	27	27	47
S1	1	5	6	3	2	4	230	35	35	75
S2	1	5	6	3	2	4	108	27	27	47
S1	1	5	6	3	4	2	246	35	35	75
S2	1	5	6	3	4	2	100	27	27	47
S1	1	5	6	4	2	3	283	35	35	75
S2	1	5	6	4	2	3	163	27	27	47
S1	1	5	6	4	3	2	283	35	35	75
S2	1	5	6	4	3	2	146	27	27	47
S1	1	6	2	3	4	5	0	35	35	75
S2	1	6	2	3	4	5	0	31	31	51
S1	1	6	2	3	5	4	0	35	35	75
S2	1	6	2	3	5	4	0	31	31	51
S1	1	6	2	4	3	5	0	35	35	75
S2	1	6	2	4	3	5	0	31	31	51
S1	1	6	2	4	5	3	0	35	35	75
S2	1	6	2	4	5	3	0	31	31	51
S1	1	6	2	5	3	4	0	35	35	75
S2	1	6	2	5	3	4	0	31	31	51
S1	1	6	2	5	4	3	0	35	35	75
S2	1	6	2	5	4	3	0	31	31	51
S1	1	6	3	2	4	5	0	35	35	75
S2	1	6	3	2	4	5	0	31	31	51
S1	1	6	3	2	5	4	0	35	35	75
S2	1	6	3	2	5	4	0	31	31	51
S1	1	6	3	4	2	5	0	35	35	75
S2	1	6	3	4	2	5	0	31	31	51
S1	1	6	3	4	5	2	0	35	35	75
S2	1	6	3	4	5	2	0	31	31	51
S1	1	6	3	5	2	4	0	35	35	75
S2	1	6	3	5	2	4	0	31	31	51
S1	1	6	3	5	4	2	0	35	35	75
S2	1	6	3	5	4	2	0	31	31	51
S1	1	6	4	2	3	5	0	35	35	75
S2	1	6	4	2	3	5	0	31	31	51
S1	1	6	4	2	5	3	0	35	35	75
S2	1	6	4	2	5	3	0	31	31	51
S1	1	6	4	3	2	5	0	35	35	75
S2	1	6	4	3	2	5	0	31	31	51
S1	1	6	4	3	5	2	0	35	35	75
S2	1	6	4	3	5	2	0	31	31	51
S1	1	6	4	5	2	3	0	35	35	75
S2	1	6	4	5	2	3	0	31	31	51
S1	1	6	4	5	3	2	0	35	35	75
S2	1	6	4	5	3	2	0	31	31	51
S1	1	6	5	2	3	4	0	35	35	75
S2	1	6	5	2	3	4	0	27	27	47
S1	1	6	5	2	4	3	0	35	35	75
S2	1	6	5	2	4	3	0	27	27	47
S1	1	6	5	3	2	4	0	35	35	75
S2	1	6	5	3	2	4	0	27	27	47
S1	1	6	5	3	4	2	0	35	35	75
S2	1	6	5	3	4	2	0	27	27	47
S1	1	6	5	4	2	3	0	35	35	75
S2	1	6	5	4	2	3	0	27	27	47
S1	1	6	5	4	3	2	0	35	35	75
S2	1	6	5	4	3	2	0	27	27	47
S1	2	1	3	4	5	6	48	17	17	28
S2	2	1	3	4	5	6	685	113	113	173
S1	2	1	3	4	6	5	48	17	17	28
S2	2	1	3	4	6	5	713	113	113	173
S1	2	1	3	5	4	6	48	17	17	28
S2	2	1	3	5	4	6	2564	113	113	173
S1	2	1	3	5	6	4	48	17	17	28
S2	2	1	3	5	6	4	1790	113	113	173
S1	2	1	3	6	4	5	0	17	17	28
S2	2	1	3	6	4	5	0	113	113	173
S1	2	1	3	6	5	4	0	17	17	28
S2	2	1	3	6	5	4	0	113	113	173
S1	2	1	4	3	5	6	63	20	20	31
S2	2	1	4	3	5	6	552	113	113	173
S1	2	1	4	3	6	5	63	20	20	31
S2	2	1	4	3	6	5	562	113	113	173
S1	2	1	4	5	3	6	282	26	26	49
S2	2	1	4	5	3	6	2327	113	113	173
S1	2	1	4	5	6	3	226	22	22	34
S2	2	1	4	5	6	3	1606	113	113	173
S1	2	1	4	6	3	5	0	26	26	49
S2	2	1	4	6	3	5	0	113	113	173
S1	2	1	4	6	5	3	0	22	22	34
S2	2	1	4	6	5	3	0	113	113	173
S1	2	1	5	3	4	6	89	29	29	53
S2	2	1	5	3	4	6	405	113	113	173
S1	2	1	5	3	6	4	127	25	25	48
S2	2	1	5	3	6	4	433	113	113	173
S1	2	1	5	4	3	6	105	29	29	53
S2	2	1	5	4	3	6	458	113	113	173
S1	2	1	5	4	6	3	144	25	25	48
S2	2	1	5	4	6	3	600	113	113	173
S1	2	1	5	6	3	4	0	31	31	55
S2	2	1	5	6	3	4	0	113	113	173
S1	2	1	5	6	4	3	0	31	31	55
S2	2	1	5	6	4	3	0	113	113	173
S1	2	1	6	3	4	5	147	35	35	75
S2	2	1	6	3	4	5	134	29	29	53
S1	2	1	6	3	5	4	147	35	35	75
S2	2	1	6	3	5	4	148	29	29	53
S1	2	1	6	4	3	5	148	35	35	75
S2	2	1	6	4	3	5	173	29	29	53
S1	2	1	6	4	5	3	149	35	35	75
S2	2	1	6	4	5	3	167	29	29	53
S1	2	1	6	5	3	4	206	35	35	75
S2	2	1	6	5	3	4	305	29	29	53
S1	2	1	6	5	4	3	226	35	35	75
S2	2	1	6	5	4	3	304	29	29	53
S1	2	3	1	4	5	6	464	17	17	28
S2	2	3	1	4	5	6	3828	113	113	173
S1	2	3	1	4	6	5	464	17	17	28
S2	2	3	1	4	6	5	3910	113	113	173
S1	2	3	1	5	4	6	464	17	17	28
S2	2	3	1	5	4	6	17630	113	113	173
S1	2	3	1	5	6	4	464	17	17	28
S2	2	3	1	5	6	4	9842	113	113	173
S1	2	3	1	6	4	5	0	17	17	28
S2	2	3	1	6	4	5	0	113	113	173
S1	2	3	1	6	5	4	0	17	17	28
S2	2	3	1	6	5	4	0	113	113	173
S1	2	3	4	1	5	6	84	20	20	31
S2	2	3	4	1	5	6	516	113	113	173
S1	2	3	4	1	6	5	84	20	20	31
S2	2	3	4	1	6	5	556	113	113	173
S1	2	3	4	5	1	6	0	26	26	49
S2	2	3	4	5	1	6	0	113	113	173
S1	2	3	4	5	6	1	0	22	22	34
S2	2	3	4	5	6	1	0	113	113	173
S1	2	3	4	6	1	5	0	26	26	49
S2	2	3	4	6	1	5	0	113	113	173
S1	2	3	4	6	5	1	0	22	22	34
S2	2	3	4	6	5	1	0	113	113	173
S1	2	3	5	1	4	6	105	29	29	53
S2	2	3	5	1	4	6	369	113	113	173
S1	2	3	5	1	6	4	156	25	25	48
S2	2	3	5	1	6	4	414	113	113	173
S1	2	3	5	4	1	6	157	29	29	53
S2	2	3	5	4	1	6	474	113	113	173
S1	2	3	5	4	6	1	1097	25	25	48
S2	2	3	5	4	6	1	2530	113	113	173
S1	2	3	5	6	1	4	0	31	31	55
S2	2	3	5	6	1	4	0	113	113	173
S1	2	3	5	6	4	1	0	31	31	55
S2	2	3	5	6	4	1	0	113	113	173
S1	2	3	6	1	4	5	159	35	35	75
S2	2	3	6	1	4	5	108	29	29	53
S1	2	3	6	1	5	4	176	35	35	75
S2	2	3	6	1	5	4	109	29	29	53
S1	2	3	6	4	1	5	217	35	35	75
S2	2	3	6	4	1	5	147	29	29	53
S1	2	3	6	4	5	1	222	35	35	75
S2	2	3	6	4	5	1	129	29	29	53
S1	2	3	6	5	1	4	306	35	35	75
S2	2	3	6	5	1	4	195	29	29	53
S1	2	3	6	5	4	1	337	35	35	75
S2	2	3	6	5	4	1	268	29	29	53
S1	2	4	1	3	5	6	4492	20	20	31
S2	2	4	1	3	5	6	27102	113	113	173
S1	2	4	1	3	6	5	4492	20	20	31
S2	2	4	1	3	6	5	27971	113	113	173
S1	2	4	1	5	3	6	0	26	26	49
S2	2	4	1	5	3	6	0	113	113	173
S1	2	4	1	5	6	3	0	22	22	34
S2	2	4	1	5	6	3	0	113	113	173
S1	2	4	1	6	3	5	0	26	26	49
S2	2	4	1	6	3	5	0	113	113	173
S1	2	4	1	6	5	3	0	22	22	34
S2	2	4	1	6	5	3	0	113	113	173
S1	2	4	3	1	5	6	255	20	20	31
S2	2	4	3	1	5	6	1073	113	113	173
S1	2	4	3	1	6	5	255	20	20	31
S2	2	4	3	1	6	5	1214	113	113	173
S1	2	4	3	5	1	6	0	26	26	49
S2	2	4	3	5	1	6	0	113	113	173
S1	2	4	3	5	6	1	0	22	22	34
S2	2	4	3	5	6	1	0	113	113	173
S1	2	4	3	6	1	5	0	26	26	49
S2	2	4	3	6	1	5	0	113	113	173
S1	2	4	3	6	5	1	0	22	22	34
S2	2	4	3	6	5	1	0	113	113	173
S1	2	4	5	1	3	6	139	29	29	53
S2	2	4	5	1	3	6	353	113	113	173
S1	2	4	5	1	6	3	299	25	25	48
S2	2	4	5	1	6	3	635	113	113	173
S1	2	4	5	3	1	6	172	29	29	53
S2	2	4	5	3	1	6	429	113	113	173
S1	2	4	5	3	6	1	774	25	25	48
S2	2	4	5	3	6	1	1667	113	113	173
S1	2	4	5	6	1	3	0	31	31	55
S2	2	4	5	6	1	3	0	113	113	173
S1	2	4	5	6	3	1	0	31	31	55
S2	2	4	5	6	3	1	0	113	113	173
S1	2	4	6	1	3	5	193	35	35	75
S2	2	4	6	1	3	5	90	29	29	53
S1	2	4	6	1	5	3	202	35	35	75
S2	2	4	6	1	5	3	103	29	29	53
S1	2	4	6	3	1	5	213	35	35	75
S2	2	4	6	3	1	5	96	29	29	53
S1	2	4	6	3	5	1	233	35	35	75
S2	2	4	6	3	5	1	111	29	29	53
S1	2	4	6	5	1	3	336	35	35	75
S2	2	4	6	5	1	3	171	29	29	53
S1	2	4	6	5	3	1	425	35	35	75
S2	2	4	6	5	3	1	227	29	29	53
S1	2	5	1	3	4	6	0	29	29	53
S2	2	5	1	3	4	6	0	113	113	173
S1	2	5	1	3	6	4	0	25	25	48
S2	2	5	1	3	6	4	0	113	113	173
S1	2	5	1	4	3	6	0	29	29	53
S2	2	5	1	4	3	6	0	113	113	173
S1	2	5	1	4	6	3	0	25	25	48
S2	2	5	1	4	6	3	0	113	113	173
S1	2	5	1	6	3	4	0	31	31	55
S2	2	5	1	6	3	4	0	113	113	173
S1	2	5	1	6	4	3	0	31	31	55
S2	2	5	1	6	4	3	0	113	113	173
S1	2	5	3	1	4	6	0	29	29	53
S2	2	5	3	1	4	6	0	113	113	173
S1	2	5	3	1	6	4	0	25	25	48
S2	2	5	3	1	6	4	0	113	113	173
S1	2	5	3	4	1	6	0	29	29	53
S2	2	5	3	4	1	6	0	113	113	173
S1	2	5	3	4	6	1	0	25	25	48
S2	2	5	3	4	6	1	0	113	113	173
S1	2	5	3	6	1	4	0	31	31	55
S2	2	5	3	6	1	4	0	113	113	173
S1	2	5	3	6	4	1	0	31	31	55
S2	2	5	3	6	4	1	0	113	113	173
S1	2	5	4	1	3	6	0	29	29	53
S2	2	5	4	1	3	6	0	113	113	173
S1	2	5	4	1	6	3	0	25	25	48
S2	2	5	4	1	6	3	0	113	113	173
S1	2	5	4	3	1	6	0	29	29	53
S2	2	5	4	3	1	6	0	113	113	173
S1	2	5	4	3	6	1	0	25	25	48
S2	2	5	4	3	6	1	0	113	113	173
S1	2	5	4	6	1	3	0	31	31	55
S2	2	5	4	6	1	3	0	113	113	173
S1	2	5	4	6	3	1	0	31	31	55
S2	2	5	4	6	3	1	0	113	113	173
S1	2	5	6	1	3	4	204	35	35	75
S2	2	5	6	1	3	4	82	27	27	47
S1	2	5	6	1	4	3	204	35	35	75
S2	2	5	6	1	4	3	78	27	27	47
S1	2	5	6	3	1	4	233	35	35	75
S2	2	5	6	3	1	4	88	27	27	47
S1	2	5	6	3	4	1	261	35	35	75
S2	2	5	6	3	4	1	90	27	27	47
S1	2	5	6	4	1	3	275	35	35	75
S2	2	5	6	4	1	3	90	27	27	47
S1	2	5	6	4	3	1	306	35	35	75
S2	2	5	6	4	3	1	126	27	27	47
S1	2	6	1	3	4	5	0	35	35	75
S2	2	6	1	3	4	5	0	31	31	51
S1	2	6	1	3	5	4	0	35	35	75
S2	2	6	1	3	5	4	0	31	31	51
S1	2	6	1	4	3	5	0	35	35	75
S2	2	6	1	4	3	5	0	31	31	51
S1	2	6	1	4	5	3	0	35	35	75
S2	2	6	1	4	5	3	0	31	31	51
S1	2	6	1	5	3	4	0	35	35	75
S2	2	6	1	5	3	4	0	31	31	51
S1	2	6	1	5	4	3	0	35	35	75
S2	2	6	1	5	4	3	0	31	31	51
S1	2	6	3	1	4	5	0	35	35	75
S2	2	6	3	1	4	5	0	31	31	51
S1	2	6	3	1	5	4	0	35	35	75
S2	2	6	3	1	5	4	0	31	31	51
S1	2	6	3	4	1	5	0	35	35	75
S2	2	6	3	4	1	5	0	31	31	51
S1	2	6	3	4	5	1	0	35	35	75
S2	2	6	3	4	5	1	0	31	31	51
S1	2	6	3	5	1	4	0	35	35	75
S2	2	6	3	5	1	4	0	31	31	51
S1	2	6	3	5	4	1	0	35	35	75
S2	2	6	3	5	4	1	0	31	31	51
S1	2	6	4	1	3	5	0	35	35	75
S2	2	6	4	1	3	5	0	31	31	51
S1	2	6	4	1	5	3	0	35	35	75
S2	2	6	4	1	5	3	0	31	31	51
S1	2	6	4	3	1	5	0	35	35	75
S2	2	6	4	3	1	5	0	31	31	51
S1	2	6	4	3	5	1	0	35	35	75
S2	2	6	4	3	5	1	0	31	31	51
S1	2	6	4	5	1	3	0	35	35	75
S2	2	6	4	5	1	3	0	31	31	51
S1	2	6	4	5	3	1	0	35	35	75
S2	2	6	4	5	3	1	0	31	31	51
S1	2	6	5	1	3	4	0	35	35	75
S2	2	6	5	1	3	4	0	27	27	47
S1	2	6	5	1	4	3	0	35	35	75
S2	2	6	5	1	4	3	0	27	27	47
S1	2	6	5	3	1	4	0	35	35	75
S2	2	6	5	3	1	4	0	27	27	47
S1	2	6	5	3	4	1	0	35	35	75
S2	2	6	5	3	4	1	0	27	27	47
S1	2	6	5	4	1	3	0	35	35	75
S2	2	6	5	4	1	3	0	27	27	47
S1	2	6	5	4	3	1	0	35	35	75
S2	2	6	5	4	3	1	0	27	27	47
S1	3	1	2	4	5	6	44	17	17	28
S2	3	1	2	4	5	6	862	113	113	173
S1	3	1	2	4	6	5	44	17	17	28
S2	3	1	2	4	6	5	879	113	113	173
S1	3	1	2	5	4	6	44	17	17	28
S2	3	1	2	5	4	6	3473	113	113	173
S1	3	1	2	5	6	4	44	17	17	28
S2	3	1	2	5	6	4	2167	113	113	173
S1	3	1	2	6	4	5	0	17	17	28
S2	3	1	2	6	4	5	0	113	113	173
S1	3	1	2	6	5	4	0	17	17	28
S2	3	1	2	6	5	4	0	113	113	173
S1	3	1	4	2	5	6	67	20	20	31
S2	3	1	4	2	5	6	448	113	113	173
S1	3	1	4	2	6	5	67	20	20	31
S2	3	1	4	2	6	5	481	113	113	173
S1	3	1	4	5	2	6	0	26	26	49
S2	3	1	4	5	2	6	0	113	113	173
S1	3	1	4	5	6	2	0	22	22	34
S2	3	1	4	5	6	2	0	113	113	173
S1	3	1	4	6	2	5	0	26	26	49
S2	3	1	4	6	2	5	0	113	113	173
S1	3	1	4	6	5	2	0	22	22	34
S2	3	1	4	6	5	2	0	113	113	173
S1	3	1	5	2	4	6	88	29	29	53
S2	3	1	5	2	4	6	312	113	113	173
S1	3	1	5	2	6	4	130	25	25	48
S2	3	1	5	2	6	4	362	113	113	173
S1	3	1	5	4	2	6	127	29	29	53
S2	3	1	5	4	2	6	453	113	113	173
S1	3	1	5	4	6	2	331	25	25	48
S2	3	1	5	4	6	2	1011	113	113	173
S1	3	1	5	6	2	4	0	31	31	55
S2	3	1	5	6	2	4	0	113	113	173
S1	3	1	5	6	4	2	0	31	31	55
S2	3	1	5	6	4	2	0	113	113	173
S1	3	1	6	2	4	5	133	35	35	75
S2	3	1	6	2	4	5	112	29	29	53
S1	3	1	6	2	5	4	150	35	35	75
S2	3	1	6	2	5	4	113	29	29	53
S1	3	1	6	4	2	5	183	35	35	75
S2	3	1	6	4	2	5	153	29	29	53
S1	3	1	6	4	5	2	192	35	35	75
S2	3	1	6	4	5	2	139	29	29	53
S1	3	1	6	5	2	4	229	35	35	75
S2	3	1	6	5	2	4	203	29	29	53
S1	3	1	6	5	4	2	265	35	35	75
S2	3	1	6	5	4	2	276	29	29	53
S1	3	2	1	4	5	6	69	17	17	28
S2	3	2	1	4	5	6	1007	113	113	173
S1	3	2	1	4	6	5	69	17	17	28
S2	3	2	1	4	6	5	1017	113	113	173
S1	3	2	1	5	4	6	69	17	17	28
S2	3	2	1	5	4	6	4394	113	113	173
S1	3	2	1	5	6	4	69	17	17	28
S2	3	2	1	5	6	4	2689	113	113	173
S1	3	2	1	6	4	5	0	17	17	28
S2	3	2	1	6	4	5	0	113	113	173
S1	3	2	1	6	5	4	0	17	17	28
S2	3	2	1	6	5	4	0	113	113	173
S1	3	2	4	1	5	6	70	20	20	31
S2	3	2	4	1	5	6	440	113	113	173
S1	3	2	4	1	6	5	70	20	20	31
S2	3	2	4	1	6	5	477	113	113	173
S1	3	2	4	5	1	6	0	26	26	49
S2	3	2	4	5	1	6	0	113	113	173
S1	3	2	4	5	6	1	0	22	22	34
S2	3	2	4	5	6	1	0	113	113	173
S1	3	2	4	6	1	5	0	26	26	49
S2	3	2	4	6	1	5	0	113	113	173
S1	3	2	4	6	5	1	0	22	22	34
S2	3	2	4	6	5	1	0	113	113	173
S1	3	2	5	1	4	6	91	29	29	53
S2	3	2	5	1	4	6	293	113	113	173
S1	3	2	5	1	6	4	136	25	25	48
S2	3	2	5	1	6	4	358	113	113	173
S1	3	2	5	4	1	6	143	29	29	53
S2	3	2	5	4	1	6	447	113	113	173
S1	3	2	5	4	6	1	519	25	25	48
S2	3	2	5	4	6	1	1383	113	113	173
S1	3	2	5	6	1	4	0	31	31	55
S2	3	2	5	6	1	4	0	113	113	173
S1	3	2	5	6	4	1	0	31	31	55
S2	3	2	5	6	4	1	0	113	113	173
S1	3	2	6	1	4	5	139	35	35	75
S2	3	2	6	1	4	5	108	29	29	53
S1	3	2	6	1	5	4	156	35	35	75
S2	3	2	6	1	5	4	109	29	29	53
S1	3	2	6	4	1	5	201	35	35	75
S2	3	2	6	4	1	5	147	29	29	53
S1	3	2	6	4	5	1	212	35	35	75
S2	3	2	6	4	5	1	133	29	29	53
S1	3	2	6	5	1	4	265	35	35	75
S2	3	2	6	5	1	4	195	29	29	53
S1	3	2	6	5	4	1	295	35	35	75
S2	3	2	6	5	4	1	270	29	29	53
S1	3	4	1	2	5	6	0	20	20	31
S2	3	4	1	2	5	6	0	113	113	173
S1	3	4	1	2	6	5	0	20	20	31
S2	3	4	1	2	6	5	0	113	113	173
S1	3	4	1	5	2	6	0	26	26	49
S2	3	4	1	5	2	6	0	113	113	173
S1	3	4	1	5	6	2	0	22	22	34
S2	3	4	1	5	6	2	0	113	113	173
S1	3	4	1	6	2	5	0	26	26	49
S2	3	4	1	6	2	5	0	113	113	173
S1	3	4	1	6	5	2	0	22	22	34
S2	3	4	1	6	5	2	0	113	113	173
S1	3	4	2	1	5	6	0	20	20	31
S2	3	4	2	1	5	6	0	113	113	173
S1	3	4	2	1	6	5	0	20	20	31
S2	3	4	2	1	6	5	0	113	113	173
S1	3	4	2	5	1	6	0	26	26	49
S2	3	4	2	5	1	6	0	113	113	173
S1	3	4	2	5	6	1	0	22	22	34
S2	3	4	2	5	6	1	0	113	113	173
S1	3	4	2	6	1	5	0	26	26	49
S2	3	4	2	6	1	5	0	113	113	173
S1	3	4	2	6	5	1	0	22	22	34
S2	3	4	2	6	5	1	0	113	113	173
S1	3	4	5	1	2	6	159	29	29	53
S2	3	4	5	1	2	6	386	113	113	173
S1	3	4	5	1	6	2	534	25	25	48
S2	3	4	5	1	6	2	912	113	113	173
S1	3	4	5	2	1	6	175	29	29	53
S2	3	4	5	2	1	6	392	113	113	173
S1	3	4	5	2	6	1	619	25	25	48
S2	3	4	5	2	6	1	1190	113	113	173
S1	3	4	5	6	1	2	0	31	31	55
S2	3	4	5	6	1	2	0	113	113	173
S1	3	4	5	6	2	1	0	31	31	55
S2	3	4	5	6	2	1	0	113	113	173
S1	3	4	6	1	2	5	209	35	35	75
S2	3	4	6	1	2	5	82	29	29	53
S1	3	4	6	1	5	2	209	35	35	75
S2	3	4	6	1	5	2	83	29	29	53
S1	3	4	6	2	1	5	214	35	35	75
S2	3	4	6	2	1	5	88	29	29	53
S1	3	4	6	2	5	1	211	35	35	75
S2	3	4	6	2	5	1	85	29	29	53
S1	3	4	6	5	1	2	351	35	35	75
S2	3	4	6	5	1	2	131	29	29	53
S1	3	4	6	5	2	1	432	35	35	75
S2	3	4	6	5	2	1	166	29	29	53
S1	3	5	1	2	4	6	0	29	29	53
S2	3	5	1	2	4	6	0	113	113	173
S1	3	5	1	2	6	4	0	25	25	48
S2	3	5	1	2	6	4	0	113	113	173
S1	3	5	1	4	2	6	0	29	29	53
S2	3	5	1	4	2	6	0	113	113	173
S1	3	5	1	4	6	2	0	25	25	48
S2	3	5	1	4	6	2	0	113	113	173
S1	3	5	1	6	2	4	0	31	31	55
S2	3	5	1	6	2	4	0	113	113	173
S1	3	5	1	6	4	2	0	31	31	55
S2	3	5	1	6	4	2	0	113	113	173
S1	3	5	2	1	4	6	0	29	29	53
S2	3	5	2	1	4	6	0	113	113	173
S1	3	5	2	1	6	4	0	25	25	48
S2	3	5	2	1	6	4	0	113	113	173
S1	3	5	2	4	1	6	0	29	29	53
S2	3	5	2	4	1	6	0	113	113	173
S1	3	5	2	4	6	1	0	25	25	48
S2	3	5	2	4	6	1	0	113	113	173
S1	3	5	2	6	1	4	0	31	31	55
S2	3	5	2	6	1	4	0	113	113	173
S1	3	5	2	6	4	1	0	31	31	55
S2	3	5	2	6	4	1	0	113	113	173
S1	3	5	4	1	2	6	0	29	29	53
S2	3	5	4	1	2	6	0	113	113	173
S1	3	5	4	1	6	2	0	25	25	48
S2	3	5	4	1	6	2	0	113	113	173
S1	3	5	4	2	1	6	0	29	29	53
S2	3	5	4	2	1	6	0	113	113	173
S1	3	5	4	2	6	1	0	25	25	48
S2	3	5	4	2	6	1	0	113	113	173
S1	3	5	4	6	1	2	0	31	31	55
S2	3	5	4	6	1	2	0	113	113	173
S1	3	5	4	6	2	1	0	31	31	55
S2	3	5	4	6	2	1	0	113	113	173
S1	3	5	6	1	2	4	218	35	35	75
S2	3	5	6	1	2	4	62	27	27	47
S1	3	5	6	1	4	2	210	35	35	75
S2	3	5	6	1	4	2	58	27	27	47
S1	3	5	6	2	1	4	234	35	35	75
S2	3	5	6	2	1	4	68	27	27	47
S1	3	5	6	2	4	1	241	35	35	75
S2	3	5	6	2	4	1	60	27	27	47
S1	3	5	6	4	1	2	289	35	35	75
S2	3	5	6	4	1	2	70	27	27	47
S1	3	5	6	4	2	1	344	35	35	75
S2	3	5	6	4	2	1	90	27	27	47
S1	3	6	1	2	4	5	0	35	35	75
S2	3	6	1	2	4	5	0	31	31	51
S1	3	6	1	2	5	4	0	35	35	75
S2	3	6	1	2	5	4	0	31	31	51
S1	3	6	1	4	2	5	0	35	35	75
S2	3	6	1	4	2	5	0	31	31	51
S1	3	6	1	4	5	2	0	35	35	75
S2	3	6	1	4	5	2	0	31	31	51
S1	3	6	1	5	2	4	0	35	35	75
S2	3	6	1	5	2	4	0	31	31	51
S1	3	6	1	5	4	2	0	35	35	75
S2	3	6	1	5	4	2	0	31	31	51
S1	3	6	2	1	4	5	0	35	35	75
S2	3	6	2	1	4	5	0	31	31	51
S1	3	6	2	1	5	4	0	35	35	75
S2	3	6	2	1	5	4	0	31	31	51
S1	3	6	2	4	1	5	0	35	35	75
S2	3	6	2	4	1	5	0	31	31	51
S1	3	6	2	4	5	1	0	35	35	75
S2	3	6	2	4	5	1	0	31	31	51
S1	3	6	2	5	1	4	0	35	35	75
S2	3	6	2	5	1	4	0	31	31	51
S1	3	6	2	5	4	1	0	35	35	75
S2	3	6	2	5	4	1	0	31	31	51
S1	3	6	4	1	2	5	0	35	35	75
S2	3	6	4	1	2	5	0	31	31	51
S1	3	6	4	1	5	2	0	35	35	75
S2	3	6	4	1	5	2	0	31	31	51
S1	3	6	4	2	1	5	0	35	35	75
S2	3	6	4	2	1	5	0	31	31	51
S1	3	6	4	2	5	1	0	35	35	75
S2	3	6	4	2	5	1	0	31	31	51
S1	3	6	4	5	1	2	0	35	35	75
S2	3	6	4	5	1	2	0	31	31	51
S1	3	6	4	5	2	1	0	35	35	75
S2	3	6	4	5	2	1	0	31	31	51
S1	3	6	5	1	2	4	0	35	35	75
S2	3	6	5	1	2	4	0	27	27	47
S1	3	6	5	1	4	2	0	35	35	75
S2	3	6	5	1	4	2	0	27	27	47
S1	3	6	5	2	1	4	0	35	35	75
S2	3	6	5	2	1	4	0	27	27	47
S1	3	6	5	2	4	1	0	35	35	75
S2	3	6	5	2	4	1	0	27	27	47
S1	3	6	5	4	1	2	0	35	35	75
S2	3	6	5	4	1	2	0	27	27	47
S1	3	6	5	4	2	1	0	35	35	75
S2	3	6	5	4	2	1	0	27	27	47
S1	4	1	2	3	5	6	56	20	20	31
S2	4	1	2	3	5	6	614	113	113	173
S1	4	1	2	3	6	5	56	20	20	31
S2	4	1	2	3	6	5	698	113	113	173
S1	4	1	2	5	3	6	0	26	26	49
S2	4	1	2	5	3	6	0	113	113	173
S1	4	1	2	5	6	3	0	22	22	34
S2	4	1	2	5	6	3	0	113	113	173
S1	4	1	2	6	3	5	0	26	26	49
S2	4	1	2	6	3	5	0	113	113	173
S1	4	1	2	6	5	3	0	22	22	34
S2	4	1	2	6	5	3	0	113	113	173
S1	4	1	3	2	5	6	61	20	20	31
S2	4	1	3	2	5	6	578	113	113	173
S1	4	1	3	2	6	5	61	20	20	31
S2	4	1	3	2	6	5	640	113	113	173
S1	4	1	3	5	2	6	0	26	26	49
S2	4	1	3	5	2	6	0	113	113	173
S1	4	1	3	5	6	2	0	22	22	34
S2	4	1	3	5	6	2	0	113	113	173
S1	4	1	3	6	2	5	0	26	26	49
S2	4	1	3	6	2	5	0	113	113	173
S1	4	1	3	6	5	2	0	22	22	34
S2	4	1	3	6	5	2	0	113	113	173
S1	4	1	5	2	3	6	115	29	29	53
S2	4	1	5	2	3	6	313	113	113	173
S1	4	1	5	2	6	3	225	25	25	48
S2	4	1	5	2	6	3	528	113	113	173
S1	4	1	5	3	2	6	135	29	29	53
S2	4	1	5	3	2	6	380	113	113	173
S1	4	1	5	3	6	2	261	25	25	48
S2	4	1	5	3	6	2	626	113	113	173
S1	4	1	5	6	2	3	0	31	31	55
S2	4	1	5	6	2	3	0	113	113	173
S1	4	1	5	6	3	2	0	31	31	55
S2	4	1	5	6	3	2	0	113	113	173
S1	4	1	6	2	3	5	157	35	35	75
S2	4	1	6	2	3	5	92	29	29	53
S1	4	1	6	2	5	3	166	35	35	75
S2	4	1	6	2	5	3	91	29	29	53
S1	4	1	6	3	2	5	158	35	35	75
S2	4	1	6	3	2	5	100	29	29	53
S1	4	1	6	3	5	2	180	35	35	75
S2	4	1	6	3	5	2	99	29	29	53
S1	4	1	6	5	2	3	280	35	35	75
S2	4	1	6	5	2	3	194	29	29	53
S1	4	1	6	5	3	2	315	35	35	75
S2	4	1	6	5	3	2	186	29	29	53
S1	4	2	1	3	5	6	83	20	20	31
S2	4	2	1	3	5	6	882	113	113	173
S1	4	2	1	3	6	5	83	20	20	31
S2	4	2	1	3	6	5	964	113	113	173
S1	4	2	1	5	3	6	0	26	26	49
S2	4	2	1	5	3	6	0	113	113	173
S1	4	2	1	5	6	3	0	22	22	34
S2	4	2	1	5	6	3	0	113	113	173
S1	4	2	1	6	3	5	0	26	26	49
S2	4	2	1	6	3	5	0	113	113	173
S1	4	2	1	6	5	3	0	22	22	34
S2	4	2	1	6	5	3	0	113	113	173
S1	4	2	3	1	5	6	70	20	20	31
S2	4	2	3	1	5	6	662	113	113	173
S1	4	2	3	1	6	5	70	20	20	31
S2	4	2	3	1	6	5	709	113	113	173
S1	4	2	3	5	1	6	0	26	26	49
S2	4	2	3	5	1	6	0	113	113	173
S1	4	2	3	5	6	1	0	22	22	34
S2	4	2	3	5	6	1	0	113	113	173
S1	4	2	3	6	1	5	0	26	26	49
S2	4	2	3	6	1	5	0	113	113	173
S1	4	2	3	6	5	1	0	22	22	34
S2	4	2	3	6	5	1	0	113	113	173
S1	4	2	5	1	3	6	121	29	29	53
S2	4	2	5	1	3	6	314	113	113	173
S1	4	2	5	1	6	3	228	25	25	48
S2	4	2	5	1	6	3	520	113	113	173
S1	4	2	5	3	1	6	148	29	29	53
S2	4	2	5	3	1	6	380	113	113	173
S1	4	2	5	3	6	1	381	25	25	48
S2	4	2	5	3	6	1	870	113	113	173
S1	4	2	5	6	1	3	0	31	31	55
S2	4	2	5	6	1	3	0	113	113	173
S1	4	2	5	6	3	1	0	31	31	55
S2	4	2	5	6	3	1	0	113	113	173
S1	4	2	6	1	3	5	163	35	35	75
S2	4	2	6	1	3	5	88	29	29	53
S1	4	2	6	1	5	3	172	35	35	75
S2	4	2	6	1	5	3	87	29	29	53
S1	4	2	6	3	1	5	172	35	35	75
S2	4	2	6	3	1	5	94	29	29	53
S1	4	2	6	3	5	1	187	35	35	75
S2	4	2	6	3	5	1	93	29	29	53
S1	4	2	6	5	1	3	315	35	35	75
S2	4	2	6	5	1	3	186	29	29	53
S1	4	2	6	5	3	1	335	35	35	75
S2	4	2	6	5	3	1	178	29	29	53
S1	4	3	1	2	5	6	98	20	20	31
S2	4	3	1	2	5	6	867	113	113	173
S1	4	3	1	2	6	5	98	20	20	31
S2	4	3	1	2	6	5	956	113	113	173
S1	4	3	1	5	2	6	0	26	26	49
S2	4	3	1	5	2	6	0	113	113	173
S1	4	3	1	5	6	2	0	22	22	34
S2	4	3	1	5	6	2	0	113	113	173
S1	4	3	1	6	2	5	0	26	26	49
S2	4	3	1	6	2	5	0	113	113	173
S1	4	3	1	6	5	2	0	22	22	34
S2	4	3	1	6	5	2	0	113	113	173
S1	4	3	2	1	5	6	101	20	20	31
S2	4	3	2	1	5	6	800	113	113	173
S1	4	3	2	1	6	5	101	20	20	31
S2	4	3	2	1	6	5	920	113	113	173
S1	4	3	2	5	1	6	0	26	26	49
S2	4	3	2	5	1	6	0	113	113	173
S1	4	3	2	5	6	1	0	22	22	34
S2	4	3	2	5	6	1	0	113	113	173
S1	4	3	2	6	1	5	0	26	26	49
S2	4	3	2	6	1	5	0	113	113	173
S1	4	3	2	6	5	1	0	22	22	34
S2	4	3	2	6	5	1	0	113	113	173
S1	4	3	5	1	2	6	139	29	29	53
S2	4	3	5	1	2	6	308	113	113	173
S1	4	3	5	1	6	2	323	25	25	48
S2	4	3	5	1	6	2	610	113	113	173
S1	4	3	5	2	1	6	153	29	29	53
S2	4	3	5	2	1	6	374	113	113	173
S1	4	3	5	2	6	1	386	25	25	48
S2	4	3	5	2	6	1	814	113	113	173
S1	4	3	5	6	1	2	0	31	31	55
S2	4	3	5	6	1	2	0	113	113	173
S1	4	3	5	6	2	1	0	31	31	55
S2	4	3	5	6	2	1	0	113	113	173
S1	4	3	6	1	2	5	175	35	35	75
S2	4	3	6	1	2	5	82	29	29	53
S1	4	3	6	1	5	2	182	35	35	75
S2	4	3	6	1	5	2	83	29	29	53
S1	4	3	6	2	1	5	178	35	35	75
S2	4	3	6	2	1	5	88	29	29	53
S1	4	3	6	2	5	1	182	35	35	75
S2	4	3	6	2	5	1	85	29	29	53
S1	4	3	6	5	1	2	335	35	35	75
S2	4	3	6	5	1	2	176	29	29	53
S1	4	3	6	5	2	1	336	35	35	75
S2	4	3	6	5	2	1	168	29	29	53
S1	4	5	1	2	3	6	0	29	29	53
S2	4	5	1	2	3	6	0	113	113	173
S1	4	5	1	2	6	3	0	25	25	48
S2	4	5	1	2	6	3	0	113	113	173
S1	4	5	1	3	2	6	0	29	29	53
S2	4	5	1	3	2	6	0	113	113	173
S1	4	5	1	3	6	2	0	25	25	48
S2	4	5	1	3	6	2	0	113	113	173
S1	4	5	1	6	2	3	0	31	31	55
S2	4	5	1	6	2	3	0	113	113	173
S1	4	5	1	6	3	2	0	31	31	55
S2	4	5	1	6	3	2	0	113	113	173
S1	4	5	2	1	3	6	0	29	29	53
S2	4	5	2	1	3	6	0	113	113	173
S1	4	5	2	1	6	3	0	25	25	48
S2	4	5	2	1	6	3	0	113	113	173
S1	4	5	2	3	1	6	0	29	29	53
S2	4	5	2	3	1	6	0	113	113	173
S1	4	5	2	3	6	1	0	25	25	48
S2	4	5	2	3	6	1	0	113	113	173
S1	4	5	2	6	1	3	0	31	31	55
S2	4	5	2	6	1	3	0	113	113	173
S1	4	5	2	6	3	1	0	31	31	55
S2	4	5	2	6	3	1	0	113	113	173
S1	4	5	3	1	2	6	0	29	29	53
S2	4	5	3	1	2	6	0	113	113	173
S1	4	5	3	1	6	2	0	25	25	48
S2	4	5	3	1	6	2	0	113	113	173
S1	4	5	3	2	1	6	0	29	29	53
S2	4	5	3	2	1	6	0	113	113	173
S1	4	5	3	2	6	1	0	25	25	48
S2	4	5	3	2	6	1	0	113	113	173
S1	4	5	3	6	1	2	0	31	31	55
S2	4	5	3	6	1	2	0	113	113	173
S1	4	5	3	6	2	1	0	31	31	55
S2	4	5	3	6	2	1	0	113	113	173
S1	4	5	6	1	2	3	230	35	35	75
S2	4	5	6	1	2	3	32	17	17	17
S1	4	5	6	1	3	2	230	35	35	75
S2	4	5	6	1	3	2	28	17	17	17
S1	4	5	6	2	1	3	244	35	35	75
S2	4	5	6	2	1	3	38	17	17	17
S1	4	5	6	2	3	1	244	35	35	75
S2	4	5	6	2	3	1	30	17	17	17
S1	4	5	6	3	1	2	244	35	35	75
S2	4	5	6	3	1	2	40	17	17	17
S1	4	5	6	3	2	1	244	35	35	75
S2	4	5	6	3	2	1	36	17	17	17
S1	4	6	1	2	3	5	0	35	35	75
S2	4	6	1	2	3	5	0	31	31	51
S1	4	6	1	2	5	3	0	35	35	75
S2	4	6	1	2	5	3	0	31	31	51
S1	4	6	1	3	2	5	0	35	35	75
S2	4	6	1	3	2	5	0	31	31	51
S1	4	6	1	3	5	2	0	35	35	75
S2	4	6	1	3	5	2	0	31	31	51
S1	4	6	1	5	2	3	0	35	35	75
S2	4	6	1	5	2	3	0	31	31	51
S1	4	6	1	5	3	2	0	35	35	75
S2	4	6	1	5	3	2	0	31	31	51
S1	4	6	2	1	3	5	0	35	35	75
S2	4	6	2	1	3	5	0	31	31	51
S1	4	6	2	1	5	3	0	35	35	75
S2	4	6	2	1	5	3	0	31	31	51
S1	4	6	2	3	1	5	0	35	35	75
S2	4	6	2	3	1	5	0	31	31	51
S1	4	6	2	3	5	1	0	35	35	75
S2	4	6	2	3	5	1	0	31	31	51
S1	4	6	2	5	1	3	0	35	35	75
S2	4	6	2	5	1	3	0	31	31	51
S1	4	6	2	5	3	1	0	35	35	75
S2	4	6	2	5	3	1	0	31	31	51
S1	4	6	3	1	2	5	0	35	35	75
S2	4	6	3	1	2	5	0	31	31	51
S1	4	6	3	1	5	2	0	35	35	75
S2	4	6	3	1	5	2	0	31	31	51
S1	4	6	3	2	1	5	0	35	35	75
S2	4	6	3	2	1	5	0	31	31	51
S1	4	6	3	2	5	1	0	35	35	75
S2	4	6	3	2	5	1	0	31	31	51
S1	4	6	3	5	1	2	0	35	35	75
S2	4	6	3	5	1	2	0	31	31	51
S1	4	6	3	5	2	1	0	35	35	75
S2	4	6	3	5	2	1	0	31	31	51
S1	4	6	5	1	2	3	0	35	35	75
S2	4	6	5	1	2	3	0	17	17	17
S1	4	6	5	1	3	2	0	35	35	75
S2	4	6	5	1	3	2	0	17	17	17
S1	4	6	5	2	1	3	0	35	35	75
S2	4	6	5	2	1	3	0	17	17	17
S1	4	6	5	2	3	1	0	35	35	75
S2	4	6	5	2	3	1	0	17	17	17
S1	4	6	5	3	1	2	0	35	35	75
S2	4	6	5	3	1	2	0	17	17	17
S1	4	6	5	3	2	1	0	35	35	75
S2	4	6	5	3	2	1	0	17	17	17
S1	5	1	2	3	4	6	122	29	29	53
S2	5	1	2	3	4	6	731	113	113	173
S1	5	1	2	3	6	4	528	25	25	48
S2	5	1	2	3	6	4	2660	113	113	173
S1	5	1	2	4	3	6	122	29	29	53
S2	5	1	2	4	3	6	746	113	113	173
S1	5	1	2	4	6	3	1282	25	25	48
S2	5	1	2	4	6	3	7335	113	113	173
S1	5	1	2	6	3	4	0	31	31	55
S2	5	1	2	6	3	4	0	113	113	173
S1	5	1	2	6	4	3	0	31	31	55
S2	5	1	2	6	4	3	0	113	113	173
S1	5	1	3	2	4	6	91	29	29	53
S2	5	1	3	2	4	6	485	113	113	173
S1	5	1	3	2	6	4	374	25	25	48
S2	5	1	3	2	6	4	1692	113	113	173
S1	5	1	3	4	2	6	142	29	29	53
S2	5	1	3	4	2	6	705	113	113	173
S1	5	1	3	4	6	2	1660	25	25	48
S2	5	1	3	4	6	2	6923	113	113	173
S1	5	1	3	6	2	4	0	31	31	55
S2	5	1	3	6	2	4	0	113	113	173
S1	5	1	3	6	4	2	0	31	31	55
S2	5	1	3	6	4	2	0	113	113	173
S1	5	1	4	2	3	6	100	29	29	53
S2	5	1	4	2	3	6	433	113	113	173
S1	5	1	4	2	6	3	472	25	25	48
S2	5	1	4	2	6	3	1569	113	113	173
S1	5	1	4	3	2	6	124	29	29	53
S2	5	1	4	3	2	6	535	113	113	173
S1	5	1	4	3	6	2	686	25	25	48
S2	5	1	4	3	6	2	2494	113	113	173
S1	5	1	4	6	2	3	0	31	31	55
S2	5	1	4	6	2	3	0	113	113	173
S1	5	1	4	6	3	2	0	31	31	55
S2	5	1	4	6	3	2	0	113	113	173
S1	5	1	6	2	3	4	169	35	35	75
S2	5	1	6	2	3	4	52	19	19	19
S1	5	1	6	2	4	3	169	35	35	75
S2	5	1	6	2	4	3	48	19	19	19
S1	5	1	6	3	2	4	173	35	35	75
S2	5	1	6	3	2	4	58	19	19	19
S1	5	1	6	3	4	2	173	35	35	75
S2	5	1	6	3	4	2	50	19	19	19
S1	5	1	6	4	2	3	173	35	35	75
S2	5	1	6	4	2	3	60	19	19	19
S1	5	1	6	4	3	2	173	35	35	75
S2	5	1	6	4	3	2	56	19	19	19
S1	5	2	1	3	4	6	198	29	29	53
S2	5	2	1	3	4	6	1028	113	113	173
S1	5	2	1	3	6	4	0	25	25	48
S2	5	2	1	3	6	4	0	113	113	173
S1	5	2	1	4	3	6	233	29	29	53
S2	5	2	1	4	3	6	1295	113	113	173
S1	5	2	1	4	6	3	0	25	25	48
S2	5	2	1	4	6	3	0	113	113	173
S1	5	2	1	6	3	4	0	31	31	55
S2	5	2	1	6	3	4	0	113	113	173
S1	5	2	1	6	4	3	0	31	31	55
S2	5	2	1	6	4	3	0	113	113	173
S1	5	2	3	1	4	6	103	29	29	53
S2	5	2	3	1	4	6	518	113	113	173
S1	5	2	3	1	6	4	364	25	25	48
S2	5	2	3	1	6	4	1582	113	113	173
S1	5	2	3	4	1	6	160	29	29	53
S2	5	2	3	4	1	6	756	113	113	173
S1	5	2	3	4	6	1	0	25	25	48
S2	5	2	3	4	6	1	0	113	113	173
S1	5	2	3	6	1	4	0	31	31	55
S2	5	2	3	6	1	4	0	113	113	173
S1	5	2	3	6	4	1	0	31	31	55
S2	5	2	3	6	4	1	0	113	113	173
S1	5	2	4	1	3	6	112	29	29	53
S2	5	2	4	1	3	6	492	113	113	173
S1	5	2	4	1	6	3	454	25	25	48
S2	5	2	4	1	6	3	1463	113	113	173
S1	5	2	4	3	1	6	150	29	29	53
S2	5	2	4	3	1	6	613	113	113	173
S1	5	2	4	3	6	1	0	25	25	48
S2	5	2	4	3	6	1	0	113	113	173
S1	5	2	4	6	1	3	0	31	31	55
S2	5	2	4	6	1	3	0	113	113	173
S1	5	2	4	6	3	1	0	31	31	55
S2	5	2	4	6	3	1	0	113	113	173
S1	5	2	6	1	3	4	174	35	35	75
S2	5	2	6	1	3	4	46	19	19	19
S1	5	2	6	1	4	3	174	35	35	75
S2	5	2	6	1	4	3	42	19	19	19
S1	5	2	6	3	1	4	187	35	35	75
S2	5	2	6	3	1	4	52	19	19	19
S1	5	2	6	3	4	1	183	35	35	75
S2	5	2	6	3	4	1	44	19	19	19
S1	5	2	6	4	1	3	191	35	35	75
S2	5	2	6	4	1	3	54	19	19	19
S1	5	2	6	4	3	1	183	35	35	75
S2	5	2	6	4	3	1	50	19	19	19
S1	5	3	1	2	4	6	197	29	29	53
S2	5	3	1	2	4	6	976	113	113	173
S1	5	3	1	2	6	4	0	25	25	48
S2	5	3	1	2	6	4	0	113	113	173
S1	5	3	1	4	2	6	375	29	29	53
S2	5	3	1	4	2	6	1821	113	113	173
S1	5	3	1	4	6	2	0	25	25	48
S2	5	3	1	4	6	2	0	113	113	173
S1	5	3	1	6	2	4	0	31	31	55
S2	5	3	1	6	2	4	0	113	113	173
S1	5	3	1	6	4	2	0	31	31	55
S2	5	3	1	6	4	2	0	113	113	173
S1	5	3	2	1	4	6	186	29	29	53
S2	5	3	2	1	4	6	829	113	113	173
S1	5	3	2	1	6	4	0	25	25	48
S2	5	3	2	1	6	4	0	113	113	173
S1	5	3	2	4	1	6	402	29	29	53
S2	5	3	2	4	1	6	1660	113	113	173
S1	5	3	2	4	6	1	0	25	25	48
S2	5	3	2	4	6	1	0	113	113	173
S1	5	3	2	6	1	4	0	31	31	55
S2	5	3	2	6	1	4	0	113	113	173
S1	5	3	2	6	4	1	0	31	31	55
S2	5	3	2	6	4	1	0	113	113	173
S1	5	3	4	1	2	6	126	29	29	53
S2	5	3	4	1	2	6	488	113	113	173
S1	5	3	4	1	6	2	5929	25	25	48
S2	5	3	4	1	6	2	15588	113	113	173
S1	5	3	4	2	1	6	141	29	29	53
S2	5	3	4	2	1	6	574	113	113	173
S1	5	3	4	2	6	1	0	25	25	48
S2	5	3	4	2	6	1	0	113	113	173
S1	5	3	4	6	1	2	0	31	31	55
S2	5	3	4	6	1	2	0	113	113	173
S1	5	3	4	6	2	1	0	31	31	55
S2	5	3	4	6	2	1	0	113	113	173
S1	5	3	6	1	2	4	192	35	35	75
S2	5	3	6	1	2	4	40	19	19	19
S1	5	3	6	1	4	2	184	35	35	75
S2	5	3	6	1	4	2	36	19	19	19
S1	5	3	6	2	1	4	193	35	35	75
S2	5	3	6	2	1	4	46	19	19	19
S1	5	3	6	2	4	1	185	35	35	75
S2	5	3	6	2	4	1	38	19	19	19
S1	5	3	6	4	1	2	201	35	35	75
S2	5	3	6	4	1	2	48	19	19	19
S1	5	3	6	4	2	1	201	35	35	75
S2	5	3	6	4	2	1	44	19	19	19
S1	5	4	1	2	3	6	303	29	29	53
S2	5	4	1	2	3	6	1322	113	113	173
S1	5	4	1	2	6	3	0	25	25	48
S2	5	4	1	2	6	3	0	113	113	173
S1	5	4	1	3	2	6	321	29	29	53
S2	5	4	1	3	2	6	1412	113	113	173
S1	5	4	1	3	6	2	0	25	25	48
S2	5	4	1	3	6	2	0	113	113	173
S1	5	4	1	6	2	3	0	31	31	55
S2	5	4	1	6	2	3	0	113	113	173
S1	5	4	1	6	3	2	0	31	31	55
S2	5	4	1	6	3	2	0	113	113	173
S1	5	4	2	1	3	6	228	29	29	53
S2	5	4	2	1	3	6	915	113	113	173
S1	5	4	2	1	6	3	0	25	25	48
S2	5	4	2	1	6	3	0	113	113	173
S1	5	4	2	3	1	6	339	29	29	53
S2	5	4	2	3	1	6	1274	113	113	173
S1	5	4	2	3	6	1	0	25	25	48
S2	5	4	2	3	6	1	0	113	113	173
S1	5	4	2	6	1	3	0	31	31	55
S2	5	4	2	6	1	3	0	113	113	173
S1	5	4	2	6	3	1	0	31	31	55
S2	5	4	2	6	3	1	0	113	113	173
S1	5	4	3	1	2	6	237	29	29	53
S2	5	4	3	1	2	6	811	113	113	173
S1	5	4	3	1	6	2	0	25	25	48
S2	5	4	3	1	6	2	0	113	113	173
S1	5	4	3	2	1	6	237	29	29	53
S2	5	4	3	2	1	6	876	113	113	173
S1	5	4	3	2	6	1	0	25	25	48
S2	5	4	3	2	6	1	0	113	113	173
S1	5	4	3	6	1	2	0	31	31	55
S2	5	4	3	6	1	2	0	113	113	173
S1	5	4	3	6	2	1	0	31	31	55
S2	5	4	3	6	2	1	0	113	113	173
S1	5	4	6	1	2	3	200	35	35	75
S2	5	4	6	1	2	3	32	17	17	17
S1	5	4	6	1	3	2	200	35	35	75
S2	5	4	6	1	3	2	28	17	17	17
S1	5	4	6	2	1	3	203	35	35	75
S2	5	4	6	2	1	3	38	17	17	17
S1	5	4	6	2	3	1	203	35	35	75
S2	5	4	6	2	3	1	30	17	17	17
S1	5	4	6	3	1	2	203	35	35	75
S2	5	4	6	3	1	2	40	17	17	17
S1	5	4	6	3	2	1	203	35	35	75
S2	5	4	6	3	2	1	36	17	17	17
S1	5	6	1	2	3	4	0	35	35	75
S2	5	6	1	2	3	4	0	21	21	21
S1	5	6	1	2	4	3	0	35	35	75
S2	5	6	1	2	4	3	0	21	21	21
S1	5	6	1	3	2	4	0	35	35	75
S2	5	6	1	3	2	4	0	21	21	21
S1	5	6	1	3	4	2	0	35	35	75
S2	5	6	1	3	4	2	0	21	21	21
S1	5	6	1	4	2	3	0	35	35	75
S2	5	6	1	4	2	3	0	21	21	21
S1	5	6	1	4	3	2	0	35	35	75
S2	5	6	1	4	3	2	0	21	21	21
S1	5	6	2	1	3	4	0	35	35	75
S2	5	6	2	1	3	4	0	21	21	21
S1	5	6	2	1	4	3	0	35	35	75
S2	5	6	2	1	4	3	0	21	21	21
S1	5	6	2	3	1	4	0	35	35	75
S2	5	6	2	3	1	4	0	21	21	21
S1	5	6	2	3	4	1	0	35	35	75
S2	5	6	2	3	4	1	0	21	21	21
S1	5	6	2	4	1	3	0	35	35	75
S2	5	6	2	4	1	3	0	21	21	21
S1	5	6	2	4	3	1	0	35	35	75
S2	5	6	2	4	3	1	0	21	21	21
S1	5	6	3	1	2	4	0	35	35	75
S2	5	6	3	1	2	4	0	21	21	21
S1	5	6	3	1	4	2	0	35	35	75
S2	5	6	3	1	4	2	0	21	21	21
S1	5	6	3	2	1	4	0	35	35	75
S2	5	6	3	2	1	4	0	21	21	21
S1	5	6	3	2	4	1	0	35	35	75
S2	5	6	3	2	4	1	0	21	21	21
S1	5	6	3	4	1	2	0	35	35	75
S2	5	6	3	4	1	2	0	21	21	21
S1	5	6	3	4	2	1	0	35	35	75
S2	5	6	3	4	2	1	0	21	21	21
S1	5	6	4	1	2	3	0	35	35	75
S2	5	6	4	1	2	3	0	17	17	17
S1	5	6	4	1	3	2	0	35	35	75
S2	5	6	4	1	3	2	0	17	17	17
S1	5	6	4	2	1	3	0	35	35	75
S2	5	6	4	2	1	3	0	17	17	17
S1	5	6	4	2	3	1	0	35	35	75
S2	5	6	4	2	3	1	0	17	17	17
S1	5	6	4	3	1	2	0	35	35	75
S2	5	6	4	3	1	2	0	17	17	17
S1	5	6	4	3	2	1	0	35	35	75
S2	5	6	4	3	2	1	0	17	17	17
S1	6	1	2	3	4	5	227	35	35	75
S2	6	1	2	3	4	5	306	23	23	23
S1	6	1	2	3	5	4	242	35	35	75
S2	6	1	2	3	5	4	321	23	23	23
S1	6	1	2	4	3	5	267	35	35	75
S2	6	1	2	4	3	5	393	23	23	23
S1	6	1	2	4	5	3	267	35	35	75
S2	6	1	2	4	5	3	378	23	23	23
S1	6	1	2	5	3	4	344	35	35	75
S2	6	1	2	5	3	4	576	23	23	23
S1	6	1	2	5	4	3	372	35	35	75
S2	6	1	2	5	4	3	590	23	23	23
S1	6	1	3	2	4	5	167	35	35	75
S2	6	1	3	2	4	5	170	23	23	23
S1	6	1	3	2	5	4	182	35	35	75
S2	6	1	3	2	5	4	182	23	23	23
S1	6	1	3	4	2	5	269	35	35	75
S2	6	1	3	4	2	5	294	23	23	23
S1	6	1	3	4	5	2	289	35	35	75
S2	6	1	3	4	5	2	306	23	23	23
S1	6	1	3	5	2	4	310	35	35	75
S2	6	1	3	5	2	4	379	23	23	23
S1	6	1	3	5	4	2	404	35	35	75
S2	6	1	3	5	4	2	492	23	23	23
S1	6	1	4	2	3	5	172	35	35	75
S2	6	1	4	2	3	5	122	23	23	23
S1	6	1	4	2	5	3	192	35	35	75
S2	6	1	4	2	5	3	134	23	23	23
S1	6	1	4	3	2	5	173	35	35	75
S2	6	1	4	3	2	5	145	23	23	23
S1	6	1	4	3	5	2	202	35	35	75
S2	6	1	4	3	5	2	154	23	23	23
S1	6	1	4	5	2	3	343	35	35	75
S2	6	1	4	5	2	3	286	23	23	23
S1	6	1	4	5	3	2	366	35	35	75
S2	6	1	4	5	3	2	305	23	23	23
S1	6	1	5	2	3	4	184	35	35	75
S2	6	1	5	2	3	4	78	19	19	19
S1	6	1	5	2	4	3	184	35	35	75
S2	6	1	5	2	4	3	74	19	19	19
S1	6	1	5	3	2	4	192	35	35	75
S2	6	1	5	3	2	4	86	19	19	19
S1	6	1	5	3	4	2	185	35	35	75
S2	6	1	5	3	4	2	76	19	19	19
S1	6	1	5	4	2	3	200	35	35	75
S2	6	1	5	4	2	3	88	19	19	19
S1	6	1	5	4	3	2	200	35	35	75
S2	6	1	5	4	3	2	84	19	19	19
S1	6	2	1	3	4	5	635	35	35	75
S2	6	2	1	3	4	5	814	23	23	23
S1	6	2	1	3	5	4	677	35	35	75
S2	6	2	1	3	5	4	842	23	23	23
S1	6	2	1	4	3	5	957	35	35	75
S2	6	2	1	4	3	5	1332	23	23	23
S1	6	2	1	4	5	3	1159	35	35	75
S2	6	2	1	4	5	3	1553	23	23	23
S1	6	2	1	5	3	4	0	35	35	75
S2	6	2	1	5	3	4	0	23	23	23
S1	6	2	1	5	4	3	0	35	35	75
S2	6	2	1	5	4	3	0	23	23	23
S1	6	2	3	1	4	5	178	35	35	75
S2	6	2	3	1	4	5	164	23	23	23
S1	6	2	3	1	5	4	188	35	35	75
S2	6	2	3	1	5	4	171	23	23	23
S1	6	2	3	4	1	5	317	35	35	75
S2	6	2	3	4	1	5	304	23	23	23
S1	6	2	3	4	5	1	360	35	35	75
S2	6	2	3	4	5	1	332	23	23	23
S1	6	2	3	5	1	4	426	35	35	75
S2	6	2	3	5	1	4	460	23	23	23
S1	6	2	3	5	4	1	619	35	35	75
S2	6	2	3	5	4	1	681	23	23	23
S1	6	2	4	1	3	5	167	35	35	75
S2	6	2	4	1	3	5	106	23	23	23
S1	6	2	4	1	5	3	200	35	35	75
S2	6	2	4	1	5	3	123	23	23	23
S1	6	2	4	3	1	5	192	35	35	75
S2	6	2	4	3	1	5	135	23	23	23
S1	6	2	4	3	5	1	240	35	35	75
S2	6	2	4	3	5	1	153	23	23	23
S1	6	2	4	5	1	3	464	35	35	75
S2	6	2	4	5	1	3	335	23	23	23
S1	6	2	4	5	3	1	434	35	35	75
S2	6	2	4	5	3	1	307	23	23	23
S1	6	2	5	1	3	4	172	35	35	75
S2	6	2	5	1	3	4	62	19	19	19
S1	6	2	5	1	4	3	172	35	35	75
S2	6	2	5	1	4	3	58	19	19	19
S1	6	2	5	3	1	4	213	35	35	75
S2	6	2	5	3	1	4	70	19	19	19
S1	6	2	5	3	4	1	198	35	35	75
S2	6	2	5	3	4	1	62	19	19	19
S1	6	2	5	4	1	3	222	35	35	75
S2	6	2	5	4	1	3	76	19	19	19
S1	6	2	5	4	3	1	213	35	35	75
S2	6	2	5	4	3	1	70	19	19	19
S1	6	3	1	2	4	5	520	35	35	75
S2	6	3	1	2	4	5	584	23	23	23
S1	6	3	1	2	5	4	521	35	35	75
S2	6	3	1	2	5	4	583	23	23	23
S1	6	3	1	4	2	5	0	35	35	75
S2	6	3	1	4	2	5	0	23	23	23
S1	6	3	1	4	5	2	0	35	35	75
S2	6	3	1	4	5	2	0	23	23	23
S1	6	3	1	5	2	4	0	35	35	75
S2	6	3	1	5	2	4	0	23	23	23
S1	6	3	1	5	4	2	0	35	35	75
S2	6	3	1	5	4	2	0	23	23	23
S1	6	3	2	1	4	5	315	35	35	75
S2	6	3	2	1	4	5	280	23	23	23
S1	6	3	2	1	5	4	315	35	35	75
S2	6	3	2	1	5	4	275	23	23	23
S1	6	3	2	4	1	5	0	35	35	75
S2	6	3	2	4	1	5	0	23	23	23
S1	6	3	2	4	5	1	0	35	35	75
S2	6	3	2	4	5	1	0	23	23	23
S1	6	3	2	5	1	4	0	35	35	75
S2	6	3	2	5	1	4	0	23	23	23
S1	6	3	2	5	4	1	0	35	35	75
S2	6	3	2	5	4	1	0	23	23	23
S1	6	3	4	1	2	5	194	35	35	75
S2	6	3	4	1	2	5	102	23	23	23
S1	6	3	4	1	5	2	216	35	35	75
S2	6	3	4	1	5	2	110	23	23	23
S1	6	3	4	2	1	5	194	35	35	75
S2	6	3	4	2	1	5	108	23	23	23
S1	6	3	4	2	5	1	235	35	35	75
S2	6	3	4	2	5	1	133	23	23	23
S1	6	3	4	5	1	2	508	35	35	75
S2	6	3	4	5	1	2	296	23	23	23
S1	6	3	4	5	2	1	608	35	35	75
S2	6	3	4	5	2	1	355	23	23	23
S1	6	3	5	1	2	4	199	35	35	75
S2	6	3	5	1	2	4	48	19	19	19
S1	6	3	5	1	4	2	195	35	35	75
S2	6	3	5	1	4	2	44	19	19	19
S1	6	3	5	2	1	4	199	35	35	75
S2	6	3	5	2	1	4	54	19	19	19
S1	6	3	5	2	4	1	200	35	35	75
S2	6	3	5	2	4	1	46	19	19	19
S1	6	3	5	4	1	2	230	35	35	75
S2	6	3	5	4	1	2	58	19	19	19
S1	6	3	5	4	2	1	230	35	35	75
S2	6	3	5	4	2	1	54	19	19	19
S1	6	4	1	2	3	5	762	35	35	75
S2	6	4	1	2	3	5	716	23	23	23
S1	6	4	1	2	5	3	1034	35	35	75
S2	6	4	1	2	5	3	956	23	23	23
S1	6	4	1	3	2	5	1175	35	35	75
S2	6	4	1	3	2	5	1186	23	23	23
S1	6	4	1	3	5	2	1987	35	35	75
S2	6	4	1	3	5	2	1947	23	23	23
S1	6	4	1	5	2	3	0	35	35	75
S2	6	4	1	5	2	3	0	23	23	23
S1	6	4	1	5	3	2	0	35	35	75
S2	6	4	1	5	3	2	0	23	23	23
S1	6	4	2	1	3	5	356	35	35	75
S2	6	4	2	1	3	5	244	23	23	23
S1	6	4	2	1	5	3	480	35	35	75
S2	6	4	2	1	5	3	345	23	23	23
S1	6	4	2	3	1	5	872	35	35	75
S2	6	4	2	3	1	5	649	23	23	23
S1	6	4	2	3	5	1	2082	35	35	75
S2	6	4	2	3	5	1	1503	23	23	23
S1	6	4	2	5	1	3	0	35	35	75
S2	6	4	2	5	1	3	0	23	23	23
S1	6	4	2	5	3	1	0	35	35	75
S2	6	4	2	5	3	1	0	23	23	23
S1	6	4	3	1	2	5	326	35	35	75
S2	6	4	3	1	2	5	156	23	23	23
S1	6	4	3	1	5	2	503	35	35	75
S2	6	4	3	1	5	2	234	23	23	23
S1	6	4	3	2	1	5	349	35	35	75
S2	6	4	3	2	1	5	168	23	23	23
S1	6	4	3	2	5	1	526	35	35	75
S2	6	4	3	2	5	1	252	23	23	23
S1	6	4	3	5	1	2	0	35	35	75
S2	6	4	3	5	1	2	0	23	23	23
S1	6	4	3	5	2	1	0	35	35	75
S2	6	4	3	5	2	1	0	23	23	23
S1	6	4	5	1	2	3	212	35	35	75
S2	6	4	5	1	2	3	32	17	17	17
S1	6	4	5	1	3	2	212	35	35	75
S2	6	4	5	1	3	2	28	17	17	17
S1	6	4	5	2	1	3	212	35	35	75
S2	6	4	5	2	1	3	38	17	17	17
S1	6	4	5	2	3	1	212	35	35	75
S2	6	4	5	2	3	1	30	17	17	17
S1	6	4	5	3	1	2	216	35	35	75
S2	6	4	5	3	1	2	40	17	17	17
S1	6	4	5	3	2	1	221	35	35	75
S2	6	4	5	3	2	1	36	17	17	17
S1	6	5	1	2	3	4	0	35	35	75
S2	6	5	1	2	3	4	0	21	21	21
S1	6	5	1	2	4	3	0	35	35	75
S2	6	5	1	2	4	3	0	21	21	21
S1	6	5	1	3	2	4	0	35	35	75
S2	6	5	1	3	2	4	0	21	21	21
S1	6	5	1	3	4	2	0	35	35	75
S2	6	5	1	3	4	2	0	21	21	21
S1	6	5	1	4	2	3	0	35	35	75
S2	6	5	1	4	2	3	0	21	21	21
S1	6	5	1	4	3	2	0	35	35	75
S2	6	5	1	4	3	2	0	21	21	21
S1	6	5	2	1	3	4	528	35	35	75
S2	6	5	2	1	3	4	276	21	21	21
S1	6	5	2	1	4	3	532	35	35	75
S2	6	5	2	1	4	3	277	21	21	21
S1	6	5	2	3	1	4	2045	35	35	75
S2	6	5	2	3	1	4	1182	21	21	21
S1	6	5	2	3	4	1	0	35	35	75
S2	6	5	2	3	4	1	0	21	21	21
S1	6	5	2	4	1	3	0	35	35	75
S2	6	5	2	4	1	3	0	21	21	21
S1	6	5	2	4	3	1	0	35	35	75
S2	6	5	2	4	3	1	0	21	21	21
S1	6	5	3	1	2	4	446	35	35	75
S2	6	5	3	1	2	4	144	21	21	21
S1	6	5	3	1	4	2	547	35	35	75
S2	6	5	3	1	4	2	158	21	21	21
S1	6	5	3	2	1	4	457	35	35	75
S2	6	5	3	2	1	4	150	21	21	21
S1	6	5	3	2	4	1	600	35	35	75
S2	6	5	3	2	4	1	182	21	21	21
S1	6	5	3	4	1	2	0	35	35	75
S2	6	5	3	4	1	2	0	21	21	21
S1	6	5	3	4	2	1	0	35	35	75
S2	6	5	3	4	2	1	0	21	21	21
S1	6	5	4	1	2	3	463	35	35	75
S2	6	5	4	1	2	3	32	17	17	17
S1	6	5	4	1	3	2	463	35	35	75
S2	6	5	4	1	3	2	28	17	17	17
S1	6	5	4	2	1	3	467	35	35	75
S2	6	5	4	2	1	3	38	17	17	17
S1	6	5	4	2	3	1	467	35	35	75
S2	6	5	4	2	3	1	30	17	17	17
S1	6	5	4	3	1	2	467	35	35	75
S2	6	5	4	3	1	2	40	17	17	17
S1	6	5	4	3	2	1	467	35	35	75
S2	6	5	4	3	2	1	36	17	17	17
